event_type,start_time,start_price,end_time,end_price,duration,length,speed,theta,num
-1,1.13623E+12,0.687600017,1.13887E+12,0.67869997,264216,0.012943639,4.90E-08,1.5,1
0,1.13887E+12,0.67869997,1.14199E+12,0.68900001,311532,0.015176132,4.87E-08,1.5,2
1,1.14199E+12,0.68900001,1.14423E+12,0.702400029,224046,0.019448502,8.68E-08,1.5,3
0,1.14423E+12,0.702400029,1.14482E+12,0.691999972,59016,0.014806458,2.51E-07,1.5,4
-1,1.14482E+12,0.691999972,1.14787E+12,0.675700009,305202,0.023554861,7.72E-08,1.5,5
0,1.14787E+12,0.675700009,1.14863E+12,0.685899973,76170,0.015095403,1.98E-07,1.5,6
1,1.14863E+12,0.685899973,1.1522E+12,0.69630003,357240,0.015162644,4.24E-08,1.5,7
0,1.1522E+12,0.69630003,1.1532E+12,0.685899973,99354,0.014936172,1.50E-07,1.5,8
-1,1.1532E+12,0.685899973,1.15504E+12,0.672299981,184746,0.019827952,1.07E-07,1.5,9
0,1.15504E+12,0.672299981,1.1561E+12,0.682600021,106134,0.015320602,1.44E-07,1.5,10
1,1.1561E+12,0.682600021,1.15611E+12,0.682900012,48,4.39E-04,9.16E-06,1.5,11
0,1.15611E+12,0.682900012,1.15702E+12,0.672699988,91302,0.014936335,1.64E-07,1.5,12
-1,1.15702E+12,0.672699988,1.15926E+12,0.66869998,224358,0.005946199,2.65E-08,1.5,13
0,1.15926E+12,0.66869998,1.15952E+12,0.678900003,25878,0.015253513,5.89E-07,1.5,14
1,1.15952E+12,0.678900003,1.15952E+12,0.67930001,24,5.89E-04,2.45E-05,1.5,15
0,1.15952E+12,0.67930001,1.16219E+12,0.669200003,267312,0.014868257,5.56E-08,1.5,16
-1,1.16219E+12,0.669200003,1.16227E+12,0.667299986,7176,0.002839237,3.96E-07,1.5,17
0,1.16227E+12,0.667299986,1.16357E+12,0.677399993,129930,0.015135632,1.16E-07,1.5,18
1,1.16357E+12,0.677399993,1.16365E+12,0.6796,8292,0.003247723,3.92E-07,1.5,19
0,1.16365E+12,0.6796,1.1684E+12,0.669399977,475128,0.015008864,3.16E-08,1.5,20
-1,1.1684E+12,0.669399977,1.1695E+12,0.653800011,110298,0.023304402,2.11E-07,1.5,21
0,1.1695E+12,0.653800011,1.17023E+12,0.663699985,72690,0.015142205,2.08E-07,1.5,22
1,1.17023E+12,0.663699985,1.17424E+12,0.686999977,401238,0.035106212,8.75E-08,1.5,23
0,1.17424E+12,0.686999977,1.17487E+12,0.676699996,62784,0.014992694,2.39E-07,1.5,24
-1,1.17487E+12,0.676699996,1.17556E+12,0.675100029,69336,0.002364368,3.41E-08,1.5,25
0,1.17556E+12,0.675100029,1.1792E+12,0.685400009,363912,0.01525697,4.19E-08,1.5,26
1,1.1792E+12,0.685400009,1.1793E+12,0.685899973,9540,7.29E-04,7.65E-08,1.5,27
0,1.1793E+12,0.685899973,1.18164E+12,0.675599992,233970,0.015016739,6.42E-08,1.5,28
-1,1.18164E+12,0.675599992,1.18539E+12,0.668099999,375306,0.011101233,2.96E-08,1.5,29
0,1.18539E+12,0.668099999,1.18637E+12,0.67809999,98406,0.014967805,1.52E-07,1.5,30
1,1.18637E+12,0.67809999,1.19079E+12,0.702899992,441090,0.036572781,8.29E-08,1.5,31
0,1.19079E+12,0.702899992,1.19148E+12,0.692399979,69876,0.014938133,2.14E-07,1.5,32
-1,1.19148E+12,0.692399979,1.19188E+12,0.689499974,39972,0.004188337,1.05E-07,1.5,33
0,1.19188E+12,0.689499974,1.19216E+12,0.699999988,27198,0.015228447,5.60E-07,1.5,34
1,1.19216E+12,0.699999988,1.19564E+12,0.721599996,348714,0.030857155,8.85E-08,1.5,35
0,1.19564E+12,0.721599996,1.19666E+12,0.710900009,101532,0.014828142,1.46E-07,1.5,36
-1,1.19666E+12,0.710900009,1.19668E+12,0.709100008,2172,0.002532003,1.17E-06,1.5,37
0,1.19668E+12,0.709100008,1.19683E+12,0.719799995,14706,0.015089532,1.03E-06,1.5,38
1,1.19683E+12,0.719799995,1.19686E+12,0.72420001,3282,0.00611283,1.86E-06,1.5,39
0,1.19686E+12,0.72420001,1.19787E+12,0.713400006,100776,0.014913013,1.48E-07,1.5,40
-1,1.19787E+12,0.713400006,1.1979E+12,0.711499989,2862,0.002663327,9.31E-07,1.5,41
0,1.1979E+12,0.711499989,1.19814E+12,0.722199976,24816,0.015038633,6.06E-07,1.5,42
1,1.19814E+12,0.722199976,1.20036E+12,0.761399984,221922,0.054278606,2.45E-07,1.5,43
0,1.20036E+12,0.761399984,1.20048E+12,0.749899983,11700,0.015103758,1.29E-06,1.5,44
-1,1.20048E+12,0.749899983,1.20146E+12,0.739400029,97956,0.014001806,1.43E-07,1.5,45
0,1.20146E+12,0.739400029,1.20185E+12,0.750400007,39150,0.014876896,3.80E-07,1.5,46
1,1.20185E+12,0.750400007,1.20187E+12,0.754700005,1554,0.005730275,3.69E-06,1.5,47
0,1.20187E+12,0.754700005,1.20244E+12,0.743300021,57432,0.015105319,2.63E-07,1.5,48
-1,1.20244E+12,0.743300021,1.20296E+12,0.740700006,51516,0.003497934,6.79E-08,1.5,49
0,1.20296E+12,0.740700006,1.2033E+12,0.751800001,34674,0.014985816,4.32E-07,1.5,50
1,1.2033E+12,0.751800001,1.20571E+12,0.791100025,240318,0.052274574,2.18E-07,1.5,51
0,1.20571E+12,0.791100025,1.20585E+12,0.779299974,14022,0.014916003,1.06E-06,1.5,52
-1,1.20585E+12,0.779299974,1.20586E+12,0.777199984,1740,0.002694714,1.55E-06,1.5,53
0,1.20586E+12,0.777199984,1.20592E+12,0.788900018,5910,0.015054084,2.55E-06,1.5,54
1,1.20592E+12,0.788900018,1.20593E+12,0.789499998,210,7.61E-04,3.62E-06,1.5,55
0,1.20593E+12,0.789499998,1.20601E+12,0.777700007,8220,0.014946157,1.82E-06,1.5,56
-1,1.20601E+12,0.777700007,1.20636E+12,0.774800003,35040,0.00372895,1.06E-07,1.5,57
0,1.20636E+12,0.774800003,1.20651E+12,0.78640002,15402,0.014971628,9.72E-07,1.5,58
1,1.20651E+12,0.78640002,1.20696E+12,0.798399985,44538,0.015259365,3.43E-07,1.5,59
0,1.20696E+12,0.798399985,1.2071E+12,0.786499977,13950,0.01490482,1.07E-06,1.5,60
-1,1.2071E+12,0.786499977,1.20721E+12,0.782500029,10866,0.005085758,4.68E-07,1.5,61
0,1.20721E+12,0.782500029,1.20762E+12,0.79400003,41460,0.014696486,3.54E-07,1.5,62
1,1.20762E+12,0.79400003,1.20836E+12,0.809899986,73764,0.020025133,2.71E-07,1.5,63
0,1.20836E+12,0.809899986,1.20844E+12,0.797800004,7980,0.014940093,1.87E-06,1.5,64
-1,1.20844E+12,0.797800004,1.20851E+12,0.787699997,7554,0.012659823,1.68E-06,1.5,65
0,1.20851E+12,0.787699997,1.20875E+12,0.799499989,23928,0.014980311,6.26E-07,1.5,66
1,1.20875E+12,0.799499989,1.20884E+12,0.805199981,8562,0.007129446,8.33E-07,1.5,67
0,1.20884E+12,0.805199981,1.20909E+12,0.793099999,25242,0.0150273,5.95E-07,1.5,68
-1,1.20909E+12,0.793099999,1.20971E+12,0.776799977,62352,0.020552292,3.30E-07,1.5,69
0,1.20971E+12,0.776799977,1.21005E+12,0.788600028,33222,0.015190591,4.57E-07,1.5,70
1,1.21005E+12,0.788600028,1.21136E+12,0.803499997,131808,0.018894203,1.43E-07,1.5,71
0,1.21136E+12,0.803499997,1.21197E+12,0.791499972,60210,0.014934691,2.48E-07,1.5,72
-1,1.21197E+12,0.791499972,1.21211E+12,0.783500016,14322,0.010107337,7.06E-07,1.5,73
0,1.21211E+12,0.783500016,1.21266E+12,0.795400023,54690,0.015188267,2.78E-07,1.5,74
1,1.21266E+12,0.795400023,1.21298E+12,0.803499997,32274,0.010183521,3.16E-07,1.5,75
0,1.21298E+12,0.803499997,1.21304E+12,0.791299999,6006,0.015183569,2.53E-06,1.5,76
-1,1.21304E+12,0.791299999,1.21387E+12,0.785099983,83460,0.007835228,9.39E-08,1.5,77
0,1.21387E+12,0.785099983,1.21501E+12,0.796999991,113232,0.015157315,1.34E-07,1.5,78
1,1.21501E+12,0.796999991,1.21597E+12,0.802200019,95958,0.006524502,6.80E-08,1.5,79
0,1.21597E+12,0.802200019,1.21678E+12,0.790199995,81852,0.014958893,1.83E-07,1.5,80
-1,1.21678E+12,0.790199995,1.21847E+12,0.779699981,168888,0.013287793,7.87E-08,1.5,81
0,1.21847E+12,0.779699981,1.2186E+12,0.791400015,12972,0.015005816,1.16E-06,1.5,82
1,1.2186E+12,0.791400015,1.21865E+12,0.799300015,4758,0.009982309,2.10E-06,1.5,83
0,1.21865E+12,0.799300015,1.21899E+12,0.787400007,33852,0.014888036,4.40E-07,1.5,84
-1,1.21899E+12,0.787400007,1.21899E+12,0.787299991,426,1.27E-04,2.98E-07,1.5,85
0,1.21899E+12,0.787299991,1.2196E+12,0.798900008,61152,0.014733923,2.41E-07,1.5,86
1,1.2196E+12,0.798900008,1.22047E+12,0.818599999,86244,0.024658894,2.86E-07,1.5,87
0,1.22047E+12,0.818599999,1.22061E+12,0.805800021,13896,0.015636426,1.13E-06,1.5,88
-1,1.22061E+12,0.805800021,1.22182E+12,0.785099983,121794,0.025688802,2.11E-07,1.5,89
0,1.22182E+12,0.785099983,1.22208E+12,0.796899974,26052,0.015029922,5.77E-07,1.5,90
1,1.22208E+12,0.796899974,1.22269E+12,0.801900029,60786,0.006274382,1.03E-07,1.5,91
0,1.22269E+12,0.801900029,1.22276E+12,0.789900005,6774,0.014964489,2.21E-06,1.5,92
-1,1.22276E+12,0.789900005,1.22327E+12,0.770399988,50700,0.024686691,4.87E-07,1.5,93
0,1.22327E+12,0.770399988,1.22344E+12,0.781700015,17298,0.014667741,8.48E-07,1.5,94
1,1.22344E+12,0.781700015,1.22361E+12,0.807099998,16638,0.032493261,1.95E-06,1.5,95
0,1.22361E+12,0.807099998,1.22363E+12,0.794499993,1860,0.015611454,8.39E-06,1.5,96
-1,1.22363E+12,0.794499993,1.22406E+12,0.773800015,43446,0.026054094,6.00E-07,1.5,97
0,1.22406E+12,0.773800015,1.22409E+12,0.785399973,3018,0.014990899,4.97E-06,1.5,98
1,1.22409E+12,0.785399973,1.22409E+12,0.785899997,6,6.37E-04,1.06E-04,1.5,99
0,1.22409E+12,0.785899997,1.22446E+12,0.773400009,37518,0.015905316,4.24E-07,1.5,100
-1,1.22446E+12,0.773400009,1.22448E+12,0.769500017,1206,0.005042658,4.18E-06,1.5,101
0,1.22448E+12,0.769500017,1.2246E+12,0.781000018,12300,0.01494477,1.22E-06,1.5,102
1,1.2246E+12,0.781000018,1.22482E+12,0.819800019,22314,0.049679898,2.23E-06,1.5,103
0,1.22482E+12,0.819800019,1.22483E+12,0.806999981,306,0.01561361,5.10E-05,1.5,104
-1,1.22483E+12,0.806999981,1.22486E+12,0.790700018,3438,0.02019822,5.87E-06,1.5,105
0,1.22486E+12,0.790700018,1.22508E+12,0.802100003,21660,0.014417585,6.66E-07,1.5,106
1,1.22508E+12,0.802100003,1.22509E+12,0.812600017,1158,0.013090654,1.13E-05,1.5,107
0,1.22509E+12,0.812600017,1.22512E+12,0.800400019,3150,0.015013534,4.77E-06,1.5,108
-1,1.22512E+12,0.800400019,1.22529E+12,0.783800006,16536,0.020739646,1.25E-06,1.5,109
0,1.22529E+12,0.783800006,1.22531E+12,0.795700014,2928,0.015182454,5.19E-06,1.5,110
1,1.22531E+12,0.795700014,1.22532E+12,0.800800025,516,0.006409466,1.24E-05,1.5,111
0,1.22532E+12,0.800800025,1.22535E+12,0.788200021,2730,0.015734271,5.76E-06,1.5,112
-1,1.22535E+12,0.788200021,1.22542E+12,0.781199992,7392,0.008881031,1.20E-06,1.5,113
0,1.22542E+12,0.781199992,1.22547E+12,0.793200016,4842,0.015361014,3.17E-06,1.5,114
1,1.22547E+12,0.793200016,1.22582E+12,0.816699982,35256,0.029626784,8.40E-07,1.5,115
0,1.22582E+12,0.816699982,1.22596E+12,0.802600026,13410,0.017264547,1.29E-06,1.5,116
-1,1.22596E+12,0.802600026,1.22596E+12,0.800400019,132,0.002741101,2.08E-05,1.5,117
0,1.22596E+12,0.800400019,1.22599E+12,0.81220001,2952,0.014742617,4.99E-06,1.5,118
1,1.22599E+12,0.81220001,1.22659E+12,0.866400003,60288,0.066732323,1.11E-06,1.5,119
0,1.22659E+12,0.866400003,1.22659E+12,0.850399971,366,0.018467258,5.05E-05,1.5,120
-1,1.22659E+12,0.850399971,1.22712E+12,0.833800018,52890,0.019520171,3.69E-07,1.5,121
0,1.22712E+12,0.833800018,1.22717E+12,0.846599996,5088,0.015351377,3.02E-06,1.5,122
1,1.22717E+12,0.846599996,1.2276E+12,0.856700003,42870,0.011930082,2.78E-07,1.5,123
0,1.2276E+12,0.856700003,1.22762E+12,0.842700005,1734,0.016341775,9.42E-06,1.5,124
-1,1.22762E+12,0.842700005,1.22788E+12,0.823800027,26322,0.022427883,8.52E-07,1.5,125
0,1.22788E+12,0.823800027,1.22811E+12,0.836700022,22332,0.015659134,7.01E-07,1.5,126
1,1.22811E+12,0.836700022,1.22841E+12,0.872600019,30000,0.042906652,1.43E-06,1.5,127
0,1.22841E+12,0.872600019,1.22871E+12,0.859600008,29946,0.014898019,4.97E-07,1.5,128
-1,1.22871E+12,0.859600008,1.22871E+12,0.858099997,186,0.00174501,9.38E-06,1.5,129
0,1.22871E+12,0.858099997,1.22873E+12,0.870599985,2280,0.014567053,6.39E-06,1.5,130
1,1.22873E+12,0.870599985,1.22959E+12,0.955799997,85614,0.097863558,1.14E-06,1.5,131
0,1.22959E+12,0.955799997,1.22959E+12,0.941100001,726,0.015379782,2.12E-05,1.5,132
-1,1.22959E+12,0.941100001,1.2296E+12,0.937300026,528,0.004037801,7.65E-06,1.5,133
0,1.2296E+12,0.937300026,1.2296E+12,0.951499999,426,0.015149869,3.56E-05,1.5,134
1,1.2296E+12,0.951499999,1.2296E+12,0.95539999,180,0.004098782,2.28E-05,1.5,135
0,1.2296E+12,0.95539999,1.22965E+12,0.940699995,4512,0.015386221,3.41E-06,1.5,136
-1,1.22965E+12,0.940699995,1.22968E+12,0.928300023,3042,0.013181643,4.33E-06,1.5,137
0,1.22968E+12,0.928300023,1.22991E+12,0.942399979,23298,0.015189007,6.52E-07,1.5,138
1,1.22991E+12,0.942399979,1.23054E+12,0.980099976,62796,0.040004243,6.37E-07,1.5,139
0,1.23054E+12,0.980099976,1.23056E+12,0.96450001,2316,0.015916709,6.87E-06,1.5,140
-1,1.23056E+12,0.96450001,1.23056E+12,0.962599993,36,0.00196995,5.47E-05,1.5,141
0,1.23056E+12,0.962599993,1.23061E+12,0.976899981,4578,0.014855588,3.24E-06,1.5,142
1,1.23061E+12,0.976899981,1.23063E+12,0.980300009,2400,0.003480426,1.45E-06,1.5,143
0,1.23063E+12,0.980300009,1.2307E+12,0.965600014,7014,0.014995405,2.14E-06,1.5,144
-1,1.2307E+12,0.965600014,1.23071E+12,0.947899997,726,0.018330588,2.52E-05,1.5,145
0,1.23071E+12,0.947899997,1.23072E+12,0.962100029,894,0.014980517,1.68E-05,1.5,146
1,1.23072E+12,0.962100029,1.23072E+12,0.967199981,6,0.005300854,8.83E-04,1.5,147
0,1.23072E+12,0.967199981,1.23072E+12,0.952600002,360,0.015095098,4.19E-05,1.5,148
-1,1.23072E+12,0.952600002,1.23086E+12,0.943799973,13254,0.009237907,6.97E-07,1.5,149
0,1.23086E+12,0.943799973,1.23087E+12,0.957899988,1344,0.014939622,1.11E-05,1.5,150
1,1.23087E+12,0.957899988,1.23088E+12,0.964900017,732,0.007307683,9.98E-06,1.5,151
0,1.23088E+12,0.964900017,1.23113E+12,0.949800014,24750,0.015649292,6.32E-07,1.5,152
-1,1.23113E+12,0.949800014,1.23125E+12,0.902499974,12132,0.0498,4.10E-06,1.5,153
0,1.23125E+12,0.902499974,1.2313E+12,0.916000009,5334,0.014958488,2.80E-06,1.5,154
1,1.2313E+12,0.916000009,1.2313E+12,0.917200029,426,0.001310066,3.08E-06,1.5,155
0,1.2313E+12,0.917200029,1.23132E+12,0.903800011,1062,0.014609701,1.38E-05,1.5,156
-1,1.23132E+12,0.903800011,1.2314E+12,0.889599979,8466,0.015711476,1.86E-06,1.5,157
0,1.2314E+12,0.889599979,1.23141E+12,0.902899981,1158,0.014950542,1.29E-05,1.5,158
1,1.23141E+12,0.902899981,1.23141E+12,0.906400025,330,0.003876447,1.17E-05,1.5,159
0,1.23141E+12,0.906400025,1.23149E+12,0.89289999,7170,0.014894124,2.08E-06,1.5,160
-1,1.23149E+12,0.89289999,1.2315E+12,0.883899987,1464,0.01007952,6.88E-06,1.5,161
0,1.2315E+12,0.883899987,1.23174E+12,0.897199988,24162,0.015046953,6.23E-07,1.5,162
1,1.23174E+12,0.897199988,1.23191E+12,0.912899971,16680,0.017498866,1.05E-06,1.5,163
0,1.23191E+12,0.912899971,1.23193E+12,0.899399996,1764,0.014788011,8.38E-06,1.5,164
-1,1.23193E+12,0.899399996,1.23208E+12,0.884599984,15228,0.016455428,1.08E-06,1.5,165
0,1.23208E+12,0.884599984,1.23211E+12,0.897400022,2766,0.01446986,5.23E-06,1.5,166
1,1.23211E+12,0.897400022,1.23254E+12,0.942600012,43272,0.050367717,1.16E-06,1.5,167
0,1.23254E+12,0.942600012,1.23255E+12,0.928600013,1074,0.014852534,1.38E-05,1.5,168
-1,1.23255E+12,0.928600013,1.23255E+12,0.928499997,6,1.08E-04,1.80E-05,1.5,169
0,1.23255E+12,0.928499997,1.2326E+12,0.942600012,5388,0.0151858,2.82E-06,1.5,170
1,1.2326E+12,0.942600012,1.23293E+12,0.952000022,32760,0.009972427,3.04E-07,1.5,171
0,1.23293E+12,0.952000022,1.23295E+12,0.937099993,1566,0.01565129,9.99E-06,1.5,172
-1,1.23295E+12,0.937099993,1.23333E+12,0.880400002,38502,0.060505807,1.57E-06,1.5,173
0,1.23333E+12,0.880400002,1.23354E+12,0.893999994,21210,0.015447515,7.28E-07,1.5,174
1,1.23354E+12,0.893999994,1.23365E+12,0.908500016,10674,0.016219264,1.52E-06,1.5,175
0,1.23365E+12,0.908500016,1.23373E+12,0.894999981,7698,0.014859697,1.93E-06,1.5,176
-1,1.23373E+12,0.894999981,1.23422E+12,0.864199996,48972,0.034413392,7.03E-07,1.5,177
0,1.23422E+12,0.864199996,1.23425E+12,0.877099991,3174,0.014927094,4.70E-06,1.5,178
1,1.23425E+12,0.877099991,1.23442E+12,0.907400012,16536,0.034545686,2.09E-06,1.5,179
0,1.23442E+12,0.907400012,1.23449E+12,0.893899977,7938,0.014877711,1.87E-06,1.5,180
-1,1.23449E+12,0.893899977,1.2345E+12,0.883599997,672,0.01152252,1.71E-05,1.5,181
0,1.2345E+12,0.883599997,1.23453E+12,0.896899998,3120,0.015052062,4.82E-06,1.5,182
1,1.23453E+12,0.896899998,1.23475E+12,0.901300013,21768,0.004905803,2.25E-07,1.5,183
0,1.23475E+12,0.901300013,1.23485E+12,0.887700021,9480,0.015089306,1.59E-06,1.5,184
-1,1.23485E+12,0.887700021,1.23501E+12,0.877399981,16776,0.011603064,6.92E-07,1.5,185
0,1.23501E+12,0.877399981,1.23514E+12,0.890699983,12348,0.015158425,1.23E-06,1.5,186
1,1.23514E+12,0.890699983,1.23514E+12,0.891900003,54,0.001347278,2.49E-05,1.5,187
0,1.23514E+12,0.891900003,1.23537E+12,0.878199995,23004,0.015360476,6.68E-07,1.5,188
-1,1.23537E+12,0.878199995,1.23543E+12,0.872799993,6420,0.006148943,9.58E-07,1.5,189
0,1.23543E+12,0.872799993,1.23548E+12,0.885900021,4620,0.015009198,3.25E-06,1.5,190
1,1.23548E+12,0.885900021,1.23557E+12,0.898199975,9360,0.013884134,1.48E-06,1.5,191
0,1.23557E+12,0.898199975,1.23593E+12,0.884000003,35592,0.015809366,4.44E-07,1.5,192
-1,1.23593E+12,0.884000003,1.23596E+12,0.881299973,3378,0.003054333,9.04E-07,1.5,193
0,1.23596E+12,0.881299973,1.23598E+12,0.894900024,1878,0.015431807,8.22E-06,1.5,194
1,1.23598E+12,0.894900024,1.23599E+12,0.90109998,1428,0.006928099,4.85E-06,1.5,195
0,1.23599E+12,0.90109998,1.23614E+12,0.887399971,15036,0.01520365,1.01E-06,1.5,196
-1,1.23614E+12,0.887399971,1.23624E+12,0.885399997,9990,0.002253746,2.26E-07,1.5,197
0,1.23624E+12,0.885399997,1.23634E+12,0.898800015,9726,0.015134423,1.56E-06,1.5,198
1,1.23634E+12,0.898800015,1.2366E+12,0.91900003,25824,0.022474426,8.70E-07,1.5,199
0,1.2366E+12,0.91900003,1.23663E+12,0.905099988,2886,0.015125181,5.24E-06,1.5,200
-1,1.23663E+12,0.905099988,1.23663E+12,0.902100027,6,0.003314508,5.52E-04,1.5,201
0,1.23663E+12,0.902100027,1.23664E+12,0.915700018,1002,0.015075924,1.50E-05,1.5,202
1,1.23664E+12,0.915700018,1.23685E+12,0.931999981,21072,0.017800549,8.45E-07,1.5,203
0,1.23685E+12,0.931999981,1.23693E+12,0.917900026,7656,0.015128708,1.98E-06,1.5,204
-1,1.23693E+12,0.917900026,1.23718E+12,0.914499998,25632,0.003704137,1.45E-07,1.5,205
0,1.23718E+12,0.914499998,1.23733E+12,0.928300023,14844,0.015090241,1.02E-06,1.5,206
1,1.23733E+12,0.928300023,1.23739E+12,0.948300004,5550,0.021544738,3.88E-06,1.5,207
0,1.23739E+12,0.948300004,1.23779E+12,0.933899999,40680,0.015185074,3.73E-07,1.5,208
-1,1.23779E+12,0.933899999,1.2379E+12,0.916100025,11022,0.019059828,1.73E-06,1.5,209
0,1.2379E+12,0.916100025,1.23798E+12,0.930199981,8166,0.015391284,1.88E-06,1.5,210
1,1.23798E+12,0.930199981,1.23813E+12,0.941500008,14682,0.012147955,8.27E-07,1.5,211
0,1.23813E+12,0.941500008,1.23815E+12,0.92750001,1668,0.014869887,8.91E-06,1.5,212
-1,1.23815E+12,0.92750001,1.23979E+12,0.878700018,164460,0.052614546,3.20E-07,1.5,213
0,1.23979E+12,0.878700018,1.24038E+12,0.891700029,59226,0.014794596,2.50E-07,1.5,214
1,1.24038E+12,0.891700029,1.24056E+12,0.908200026,17118,0.018503976,1.08E-06,1.5,215
0,1.24056E+12,0.908200026,1.24083E+12,0.894400001,27168,0.015194918,5.59E-07,1.5,216
-1,1.24083E+12,0.894400001,1.24084E+12,0.888300002,762,0.006820213,8.95E-06,1.5,217
0,1.24084E+12,0.888300002,1.24101E+12,0.90170002,17376,0.015085014,8.68E-07,1.5,218
1,1.24101E+12,0.90170002,1.24101E+12,0.90200001,102,3.33E-04,3.26E-06,1.5,219
0,1.24101E+12,0.90200001,1.24149E+12,0.888199985,47760,0.015299362,3.20E-07,1.5,220
-1,1.24149E+12,0.888199985,1.24166E+12,0.87650001,17166,0.01317268,7.67E-07,1.5,221
0,1.24166E+12,0.87650001,1.24168E+12,0.889500022,2376,0.01483173,6.24E-06,1.5,222
1,1.24168E+12,0.889500022,1.24203E+12,0.903699994,35124,0.015963993,4.55E-07,1.5,223
0,1.24203E+12,0.903699994,1.24237E+12,0.890299976,33630,0.01482795,4.41E-07,1.5,224
-1,1.24237E+12,0.890299976,1.24287E+12,0.872399986,50052,0.020105572,4.02E-07,1.5,225
0,1.24287E+12,0.872399986,1.24288E+12,0.885299981,654,0.014786789,2.26E-05,1.5,226
1,1.24288E+12,0.885299981,1.24288E+12,0.886200011,42,0.001016639,2.42E-05,1.5,227
0,1.24288E+12,0.886200011,1.24339E+12,0.872900009,51024,0.015007901,2.94E-07,1.5,228
-1,1.24339E+12,0.872900009,1.24343E+12,0.865100026,3924,0.008935712,2.28E-06,1.5,229
0,1.24343E+12,0.865100026,1.24359E+12,0.878000021,16242,0.014911565,9.18E-07,1.5,230
1,1.24359E+12,0.878000021,1.24359E+12,0.879899979,78,0.002163961,2.77E-05,1.5,231
0,1.24359E+12,0.879899979,1.24383E+12,0.86650002,23526,0.015228957,6.47E-07,1.5,232
-1,1.24383E+12,0.86650002,1.244E+12,0.857200027,17364,0.010732826,6.18E-07,1.5,233
0,1.244E+12,0.857200027,1.24407E+12,0.870199978,6966,0.015165599,2.18E-06,1.5,234
1,1.24407E+12,0.870199978,1.24417E+12,0.886600018,9972,0.018846288,1.89E-06,1.5,235
0,1.24417E+12,0.886600018,1.2442E+12,0.873399973,2922,0.014888388,5.10E-06,1.5,236
-1,1.2442E+12,0.873399973,1.24516E+12,0.842000008,96234,0.035951415,3.74E-07,1.5,237
0,1.24516E+12,0.842000008,1.2453E+12,0.854600012,13530,0.014964376,1.11E-06,1.5,238
1,1.2453E+12,0.854600012,1.2453E+12,0.860099971,300,0.006435711,2.15E-05,1.5,239
0,1.2453E+12,0.860099971,1.24538E+12,0.84740001,8586,0.014765681,1.72E-06,1.5,240
-1,1.24538E+12,0.84740001,1.24564E+12,0.839999974,25926,0.008732636,3.37E-07,1.5,241
0,1.24564E+12,0.839999974,1.24573E+12,0.852800012,8160,0.015238141,1.87E-06,1.5,242
1,1.24573E+12,0.852800012,1.24575E+12,0.859799981,2418,0.008208219,3.39E-06,1.5,243
0,1.24575E+12,0.859799981,1.24632E+12,0.846099973,57366,0.015933948,2.78E-07,1.5,244
-1,1.24632E+12,0.846099973,1.24633E+12,0.843500018,414,0.003072869,7.42E-06,1.5,245
0,1.24633E+12,0.843500018,1.24641E+12,0.856100023,8658,0.014937765,1.73E-06,1.5,246
1,1.24641E+12,0.856100023,1.24703E+12,0.866999984,61788,0.012732112,2.06E-07,1.5,247
0,1.24703E+12,0.866999984,1.2472E+12,0.854099989,16560,0.014878887,8.98E-07,1.5,248
-1,1.2472E+12,0.854099989,1.2472E+12,0.853699982,24,4.68E-04,1.95E-05,1.5,249
0,1.2472E+12,0.853699982,1.24745E+12,0.866599977,25476,0.015110689,5.93E-07,1.5,250
1,1.24745E+12,0.866599977,1.24746E+12,0.869799972,750,0.003692586,4.92E-06,1.5,251
0,1.24746E+12,0.869799972,1.24754E+12,0.856899977,8448,0.01483099,1.76E-06,1.5,252
-1,1.24754E+12,0.856899977,1.24759E+12,0.854600012,4338,0.002684052,6.19E-07,1.5,253
0,1.24759E+12,0.854600012,1.24822E+12,0.867600024,63630,0.015211808,2.39E-07,1.5,254
1,1.24822E+12,0.867600024,1.24823E+12,0.869000018,456,0.00161364,3.54E-06,1.5,255
0,1.24823E+12,0.869000018,1.24887E+12,0.85589999,63732,0.015074831,2.37E-07,1.5,256
-1,1.24887E+12,0.85589999,1.24954E+12,0.845499992,66966,0.012150949,1.81E-07,1.5,257
0,1.24954E+12,0.845499992,1.24961E+12,0.858299971,7494,0.015138945,2.02E-06,1.5,258
1,1.24961E+12,0.858299971,1.25022E+12,0.865199983,60606,0.008039162,1.33E-07,1.5,259
0,1.25022E+12,0.865199983,1.2506E+12,0.852299988,38316,0.014909842,3.89E-07,1.5,260
-1,1.2506E+12,0.852299988,1.2506E+12,0.852299988,0,0,0,1.5,261
0,1.2506E+12,0.852299988,1.25081E+12,0.865100026,21330,0.015018231,7.04E-07,1.5,262
1,1.25081E+12,0.865100026,1.25138E+12,0.883700013,56640,0.021500389,3.80E-07,1.5,263
0,1.25138E+12,0.883700013,1.25205E+12,0.870500028,67386,0.014937179,2.22E-07,1.5,264
-1,1.25205E+12,0.870500028,1.25206E+12,0.870400012,240,1.15E-04,4.79E-07,1.5,265
0,1.25206E+12,0.870400012,1.25299E+12,0.88349998,93306,0.015050515,1.61E-07,1.5,266
1,1.25299E+12,0.88349998,1.25407E+12,0.929700017,108552,0.052292063,4.82E-07,1.5,267
0,1.25407E+12,0.929700017,1.2542E+12,0.915499985,12588,0.015273778,1.21E-06,1.5,268
-1,1.2542E+12,0.915499985,1.25429E+12,0.907700002,9306,0.008519916,9.16E-07,1.5,269
0,1.25429E+12,0.907700002,1.25479E+12,0.921599984,49734,0.01531341,3.08E-07,1.5,270
1,1.25479E+12,0.921599984,1.25542E+12,0.940999985,62682,0.021050348,3.36E-07,1.5,271
0,1.25542E+12,0.940999985,1.25557E+12,0.926900029,15384,0.014984013,9.74E-07,1.5,272
-1,1.25557E+12,0.926900029,1.25611E+12,0.899600029,53802,0.029453015,5.47E-07,1.5,273
0,1.25611E+12,0.899600029,1.25627E+12,0.913200021,16056,0.015117821,9.42E-07,1.5,274
1,1.25627E+12,0.913200021,1.25653E+12,0.923900008,26166,0.011717025,4.48E-07,1.5,275
0,1.25653E+12,0.923900008,1.25656E+12,0.910099983,3258,0.014936708,4.58E-06,1.5,276
-1,1.25656E+12,0.910099983,1.25681E+12,0.891099989,24702,0.02087682,8.45E-07,1.5,277
0,1.25681E+12,0.891099989,1.25716E+12,0.904500008,34758,0.015037615,4.33E-07,1.5,278
1,1.25716E+12,0.904500008,1.25722E+12,0.905900002,5784,0.00154781,2.68E-07,1.5,279
0,1.25722E+12,0.905900002,1.25731E+12,0.892400026,9264,0.01490228,1.61E-06,1.5,280
-1,1.25731E+12,0.892400026,1.25774E+12,0.889599979,43326,0.003137659,7.24E-08,1.5,281
0,1.25774E+12,0.889599979,1.25792E+12,0.902999997,17616,0.01506297,8.55E-07,1.5,282
1,1.25792E+12,0.902999997,1.25799E+12,0.906300008,7290,0.003654497,5.01E-07,1.5,283
0,1.25799E+12,0.906300008,1.25808E+12,0.892799973,9024,0.014895768,1.65E-06,1.5,284
-1,1.25808E+12,0.892799973,1.25845E+12,0.883300006,37188,0.010640644,2.86E-07,1.5,285
0,1.25845E+12,0.883300006,1.25868E+12,0.896499991,22662,0.014943943,6.59E-07,1.5,286
1,1.25868E+12,0.896499991,1.25958E+12,0.915300012,89952,0.020970463,2.33E-07,1.5,287
0,1.25958E+12,0.915300012,1.25992E+12,0.901199996,33708,0.015404802,4.57E-07,1.5,288
-1,1.25992E+12,0.901199996,1.26101E+12,0.88499999,109026,0.017976039,1.65E-07,1.5,289
0,1.26101E+12,0.88499999,1.26157E+12,0.898199975,56016,0.014915237,2.66E-07,1.5,290
1,1.26157E+12,0.898199975,1.26215E+12,0.905300021,58416,0.007904749,1.35E-07,1.5,291
0,1.26215E+12,0.905300021,1.26217E+12,0.891799986,2010,0.014912222,7.42E-06,1.5,292
-1,1.26217E+12,0.891799986,1.26226E+12,0.885500014,8988,0.007064334,7.86E-07,1.5,293
0,1.26226E+12,0.885500014,1.26266E+12,0.898899972,40008,0.015132646,3.78E-07,1.5,294
1,1.26266E+12,0.898899972,1.26327E+12,0.90259999,60378,0.004116162,6.82E-08,1.5,295
0,1.26327E+12,0.90259999,1.26346E+12,0.889199972,19368,0.014846021,7.67E-07,1.5,296
-1,1.26346E+12,0.889199972,1.26399E+12,0.86500001,52776,0.027215433,5.16E-07,1.5,297
0,1.26399E+12,0.86500001,1.26416E+12,0.878099978,17412,0.015144472,8.70E-07,1.5,298
1,1.26416E+12,0.878099978,1.26437E+12,0.879299998,21282,0.00136661,6.42E-08,1.5,299
0,1.26437E+12,0.879299998,1.26458E+12,0.86619997,20862,0.014898246,7.14E-07,1.5,300
-1,1.26458E+12,0.86619997,1.26467E+12,0.860099971,8904,0.007042253,7.91E-07,1.5,301
0,1.26467E+12,0.860099971,1.265E+12,0.873099983,32598,0.015114535,4.64E-07,1.5,302
1,1.265E+12,0.873099983,1.26586E+12,0.883899987,86412,0.012369722,1.43E-07,1.5,303
0,1.26586E+12,0.883899987,1.26589E+12,0.870500028,2772,0.015160039,5.47E-06,1.5,304
-1,1.26589E+12,0.870500028,1.26595E+12,0.865700006,6150,0.005514097,8.97E-07,1.5,305
0,1.26595E+12,0.865700006,1.26659E+12,0.878799975,63432,0.015132226,2.39E-07,1.5,306
1,1.26659E+12,0.878799975,1.26743E+12,0.913200021,84024,0.039144341,4.66E-07,1.5,307
0,1.26743E+12,0.913200021,1.26779E+12,0.899600029,36258,0.014892676,4.11E-07,1.5,308
-1,1.26779E+12,0.899600029,1.2678E+12,0.898000002,1224,0.001778598,1.45E-06,1.5,309
0,1.2678E+12,0.898000002,1.2682E+12,0.911800027,39534,0.015367511,3.89E-07,1.5,310
1,1.2682E+12,0.911800027,1.26822E+12,0.913100004,2316,0.001425726,6.16E-07,1.5,311
0,1.26822E+12,0.913100004,1.2688E+12,0.898899972,58524,0.015551453,2.66E-07,1.5,312
-1,1.2688E+12,0.898899972,1.27079E+12,0.870400012,199002,0.031705375,1.59E-07,1.5,313
0,1.27079E+12,0.870400012,1.27101E+12,0.883700013,21468,0.015280333,7.12E-07,1.5,314
1,1.27101E+12,0.883700013,1.2712E+12,0.886300027,19284,0.002942191,1.53E-07,1.5,315
0,1.2712E+12,0.886300027,1.27181E+12,0.872900009,60450,0.015119054,2.50E-07,1.5,316
-1,1.27181E+12,0.872900009,1.27313E+12,0.842700005,132384,0.034597324,2.61E-07,1.5,317
0,1.27313E+12,0.842700005,1.27316E+12,0.855300009,3240,0.014951946,4.61E-06,1.5,318
1,1.27316E+12,0.855300009,1.27316E+12,0.858699977,48,0.003975176,8.28E-05,1.5,319
0,1.27316E+12,0.858699977,1.27317E+12,0.845600009,1050,0.015255583,1.45E-05,1.5,320
-1,1.27317E+12,0.845600009,1.27317E+12,0.843999982,18,0.00189218,1.05E-04,1.5,321
0,1.27317E+12,0.843999982,1.27318E+12,0.856700003,942,0.015047419,1.60E-05,1.5,322
1,1.27318E+12,0.856700003,1.27321E+12,0.880599976,2370,0.027897715,1.18E-05,1.5,323
0,1.27321E+12,0.880599976,1.27322E+12,0.867399991,840,0.014989763,1.78E-05,1.5,324
-1,1.27322E+12,0.867399991,1.27324E+12,0.858699977,2904,0.01002999,3.45E-06,1.5,325
0,1.27324E+12,0.858699977,1.27343E+12,0.871599972,18216,0.015022703,8.25E-07,1.5,326
1,1.27343E+12,0.871599972,1.27346E+12,0.87470001,3414,0.003556721,1.04E-06,1.5,327
0,1.27346E+12,0.87470001,1.27348E+12,0.861699998,1662,0.014862251,8.94E-06,1.5,328
-1,1.27348E+12,0.861699998,1.27363E+12,0.844399989,15498,0.020076604,1.30E-06,1.5,329
0,1.27363E+12,0.844399989,1.27375E+12,0.85710001,11454,0.015040291,1.31E-06,1.5,330
1,1.27375E+12,0.85710001,1.2744E+12,0.876999974,65124,0.023217786,3.57E-07,1.5,331
0,1.2744E+12,0.876999974,1.27465E+12,0.863600016,25110,0.015279315,6.08E-07,1.5,332
-1,1.27465E+12,0.863600016,1.27622E+12,0.820900023,157206,0.049444178,3.15E-07,1.5,333
0,1.27622E+12,0.820900023,1.27645E+12,0.833899975,23124,0.015836218,6.85E-07,1.5,334
1,1.27645E+12,0.833899975,1.27705E+12,0.838199973,59844,0.005156492,8.62E-08,1.5,335
0,1.27705E+12,0.838199973,1.27726E+12,0.825699985,20958,0.014912895,7.12E-07,1.5,336
-1,1.27726E+12,0.825699985,1.27781E+12,0.806599975,54804,0.023131901,4.22E-07,1.5,337
0,1.27781E+12,0.806599975,1.27789E+12,0.818700016,8034,0.015001291,1.87E-06,1.5,338
1,1.27789E+12,0.818700016,1.2796E+12,0.852999985,170844,0.04189565,2.45E-07,1.5,339
0,1.2796E+12,0.852999985,1.27968E+12,0.840300024,8550,0.014888584,1.74E-06,1.5,340
-1,1.27968E+12,0.840300024,1.28253E+12,0.814100027,284820,0.031179336,1.09E-07,1.5,341
0,1.28253E+12,0.814100027,1.28324E+12,0.826300025,71196,0.014985871,2.10E-07,1.5,342
1,1.28324E+12,0.826300025,1.28375E+12,0.838800013,50760,0.015127663,2.98E-07,1.5,343
0,1.28375E+12,0.838800013,1.28387E+12,0.825999975,11844,0.01525994,1.29E-06,1.5,344
-1,1.28387E+12,0.825999975,1.28392E+12,0.820100009,4704,0.007142816,1.52E-06,1.5,345
0,1.28392E+12,0.820100009,1.28437E+12,0.832700014,44982,0.015363986,3.42E-07,1.5,346
1,1.28437E+12,0.832700014,1.28692E+12,0.883700013,254946,0.061246545,2.40E-07,1.5,347
0,1.28692E+12,0.883700013,1.28736E+12,0.870500028,44580,0.014937179,3.35E-07,1.5,348
-1,1.28736E+12,0.870500028,1.28736E+12,0.870299995,150,2.30E-04,1.53E-06,1.5,349
0,1.28736E+12,0.870299995,1.28763E+12,0.88349998,26316,0.015167167,5.76E-07,1.5,350
1,1.28763E+12,0.88349998,1.28797E+12,0.893899977,34872,0.011771361,3.38E-07,1.5,351
0,1.28797E+12,0.893899977,1.28806E+12,0.880100012,9000,0.01543793,1.72E-06,1.5,352
-1,1.28806E+12,0.880100012,1.28861E+12,0.865100026,54864,0.017043501,3.11E-07,1.5,353
0,1.28861E+12,0.865100026,1.2888E+12,0.878300011,18762,0.015258334,8.13E-07,1.5,354
1,1.2888E+12,0.878300011,1.28886E+12,0.881500006,5502,0.003643396,6.62E-07,1.5,355
0,1.28886E+12,0.881500006,1.28895E+12,0.866599977,9030,0.016903039,1.87E-06,1.5,356
-1,1.28895E+12,0.866599977,1.28951E+12,0.844799995,56346,0.025155761,4.46E-07,1.5,357
0,1.28951E+12,0.844799995,1.29036E+12,0.858399987,84954,0.016098475,1.89E-07,1.5,358
1,1.29036E+12,0.858399987,1.29039E+12,0.859399974,2646,0.001164943,4.40E-07,1.5,359
0,1.29039E+12,0.859399974,1.2905E+12,0.846499979,11664,0.015010467,1.29E-06,1.5,360
-1,1.2905E+12,0.846499979,1.29115E+12,0.833299994,64758,0.015593603,2.41E-07,1.5,361
0,1.29115E+12,0.833299994,1.29128E+12,0.845600009,12882,0.014760608,1.15E-06,1.5,362
1,1.29128E+12,0.845600009,1.29137E+12,0.852299988,9396,0.007923343,8.43E-07,1.5,363
0,1.29137E+12,0.852299988,1.29179E+12,0.83950001,41538,0.015018161,3.62E-07,1.5,364
-1,1.29179E+12,0.83950001,1.29219E+12,0.834699988,40242,0.005717715,1.42E-07,1.5,365
0,1.29219E+12,0.834699988,1.2923E+12,0.847299993,10794,0.01509525,1.40E-06,1.5,366
1,1.2923E+12,0.847299993,1.29405E+12,0.864199996,175470,0.019945714,1.14E-07,1.5,367
0,1.29405E+12,0.864199996,1.2942E+12,0.851199985,14322,0.015042827,1.05E-06,1.5,368
-1,1.2942E+12,0.851199985,1.29463E+12,0.828299999,43134,0.026903179,6.24E-07,1.5,369
0,1.29463E+12,0.828299999,1.29491E+12,0.840699971,28518,0.014970387,5.25E-07,1.5,370
1,1.29491E+12,0.840699971,1.29498E+12,0.849600017,6288,0.010586472,1.68E-06,1.5,371
0,1.29498E+12,0.849600017,1.29524E+12,0.836899996,26136,0.014948236,5.72E-07,1.5,372
-1,1.29524E+12,0.836899996,1.29529E+12,0.833000004,5610,0.004660045,8.31E-07,1.5,373
0,1.29529E+12,0.833000004,1.29549E+12,0.845399976,19560,0.01488592,7.61E-07,1.5,374
1,1.29549E+12,0.845399976,1.29601E+12,0.866999984,52194,0.025550046,4.90E-07,1.5,375
0,1.29601E+12,0.866999984,1.29648E+12,0.854099989,46638,0.014878887,3.19E-07,1.5,376
-1,1.29648E+12,0.854099989,1.29707E+12,0.838699996,59232,0.018030667,3.04E-07,1.5,377
0,1.29707E+12,0.838699996,1.29724E+12,0.851300001,17274,0.015023256,8.70E-07,1.5,378
1,1.29724E+12,0.851300001,1.29727E+12,0.852699995,2514,0.001644536,6.54E-07,1.5,379
0,1.29727E+12,0.852699995,1.29767E+12,0.839999974,40296,0.014893892,3.70E-07,1.5,380
-1,1.29767E+12,0.839999974,1.29778E+12,0.835399985,11034,0.005476177,4.96E-07,1.5,381
0,1.29778E+12,0.835399985,1.29846E+12,0.84799999,67668,0.015082601,2.23E-07,1.5,382
1,1.29846E+12,0.84799999,1.29861E+12,0.859000027,15240,0.012971742,8.51E-07,1.5,383
0,1.29861E+12,0.859000027,1.29898E+12,0.846099973,36960,0.015017525,4.06E-07,1.5,384
-1,1.29898E+12,0.846099973,1.29898E+12,0.845899999,6,2.36E-04,3.94E-05,1.5,385
0,1.29898E+12,0.845899999,1.29921E+12,0.858699977,23064,0.015131787,6.56E-07,1.5,386
1,1.29921E+12,0.858699977,1.30157E+12,0.885100007,235596,0.030744183,1.30E-07,1.5,387
0,1.30157E+12,0.885100007,1.30199E+12,0.871900022,42468,0.014913552,3.51E-07,1.5,388
-1,1.30199E+12,0.871900022,1.30199E+12,0.871299982,36,6.88E-04,1.91E-05,1.5,389
0,1.30199E+12,0.871299982,1.30249E+12,0.884500027,49620,0.015149828,3.05E-07,1.5,390
1,1.30249E+12,0.884500027,1.30266E+12,0.892099977,17316,0.008592368,4.96E-07,1.5,391
0,1.30266E+12,0.892099977,1.30311E+12,0.878300011,44634,0.015469079,3.47E-07,1.5,392
-1,1.30311E+12,0.878300011,1.30315E+12,0.874000013,3912,0.004895819,1.25E-06,1.5,393
0,1.30315E+12,0.874000013,1.30333E+12,0.887199998,18378,0.015102957,8.22E-07,1.5,394
1,1.30333E+12,0.887199998,1.30457E+12,0.903999984,123888,0.018935963,1.53E-07,1.5,395
0,1.30457E+12,0.903999984,1.30459E+12,0.890699983,1764,0.014712391,8.34E-06,1.5,396
-1,1.30459E+12,0.890699983,1.30515E+12,0.867200017,56070,0.026383705,4.71E-07,1.5,397
0,1.30515E+12,0.867200017,1.30569E+12,0.880299985,54702,0.015106052,2.76E-07,1.5,398
1,1.30569E+12,0.880299985,1.30581E+12,0.884299994,11352,0.004543915,4.00E-07,1.5,399
0,1.30581E+12,0.884299994,1.3059E+12,0.871100008,9612,0.014927044,1.55E-06,1.5,400
-1,1.3059E+12,0.871100008,1.3064E+12,0.861000001,50112,0.011594544,2.31E-07,1.5,401
0,1.3064E+12,0.861000001,1.30682E+12,0.874000013,41274,0.015098736,3.66E-07,1.5,402
1,1.30682E+12,0.874000013,1.3075E+12,0.897199988,68280,0.026544594,3.89E-07,1.5,403
0,1.3075E+12,0.897199988,1.3077E+12,0.883599997,20268,0.015158261,7.48E-07,1.5,404
-1,1.3077E+12,0.883599997,1.30818E+12,0.871999979,47928,0.013128132,2.74E-07,1.5,405
0,1.30818E+12,0.871999979,1.30831E+12,0.885200024,12912,0.015137666,1.17E-06,1.5,406
1,1.30831E+12,0.885200024,1.30949E+12,0.907999992,118260,0.025756855,2.18E-07,1.5,407
0,1.30949E+12,0.907999992,1.30994E+12,0.894400001,44316,0.014977965,3.38E-07,1.5,408
-1,1.30994E+12,0.894400001,1.31096E+12,0.870400012,101964,0.026833619,2.63E-07,1.5,409
0,1.31096E+12,0.870400012,1.31126E+12,0.883400023,30792,0.014935675,4.85E-07,1.5,410
1,1.31126E+12,0.883400023,1.31165E+12,0.888100028,38130,0.005320359,1.40E-07,1.5,411
0,1.31165E+12,0.888100028,1.31183E+12,0.874800026,18834,0.014975792,7.95E-07,1.5,412
-1,1.31183E+12,0.874800026,1.31254E+12,0.864199996,70764,0.01211709,1.71E-07,1.5,413
0,1.31254E+12,0.864199996,1.31288E+12,0.877099991,34356,0.014927094,4.34E-07,1.5,414
1,1.31288E+12,0.877099991,1.31295E+12,0.888199985,6606,0.012655335,1.92E-06,1.5,415
0,1.31295E+12,0.888199985,1.31305E+12,0.874800026,9600,0.015086646,1.57E-06,1.5,416
-1,1.31305E+12,0.874800026,1.31372E+12,0.865199983,67566,0.010973986,1.62E-07,1.5,417
0,1.31372E+12,0.865199983,1.31417E+12,0.878099978,44856,0.014909842,3.32E-07,1.5,418
1,1.31417E+12,0.878099978,1.31477E+12,0.888100028,59466,0.011388282,1.92E-07,1.5,419
0,1.31477E+12,0.888100028,1.31497E+12,0.874800026,20880,0.014975792,7.17E-07,1.5,420
-1,1.31497E+12,0.874800026,1.31579E+12,0.852900028,81060,0.025034291,3.09E-07,1.5,421
0,1.31579E+12,0.852900028,1.3159E+12,0.865400016,11952,0.014655865,1.23E-06,1.5,422
1,1.3159E+12,0.865400016,1.3166E+12,0.879299998,69900,0.016061916,2.30E-07,1.5,423
0,1.3166E+12,0.879299998,1.317E+12,0.86589998,39516,0.015239416,3.86E-07,1.5,424
-1,1.317E+12,0.86589998,1.31766E+12,0.852900028,65760,0.015013226,2.28E-07,1.5,425
0,1.31766E+12,0.852900028,1.31786E+12,0.86559999,20640,0.014890329,7.21E-07,1.5,426
1,1.31786E+12,0.86559999,1.31789E+12,0.872300029,3054,0.007740341,2.53E-06,1.5,427
0,1.31789E+12,0.872300029,1.318E+12,0.859200001,10938,0.015017801,1.37E-06,1.5,428
-1,1.318E+12,0.859200001,1.318E+12,0.859099984,6,1.16E-04,1.94E-05,1.5,429
0,1.318E+12,0.859099984,1.31824E+12,0.872200012,23856,0.015248549,6.39E-07,1.5,430
1,1.31824E+12,0.872200012,1.31972E+12,0.8829,147918,0.012267814,8.29E-08,1.5,431
0,1.31972E+12,0.8829,1.32006E+12,0.869599998,33894,0.015063996,4.44E-07,1.5,432
-1,1.32006E+12,0.869599998,1.32089E+12,0.848399997,83160,0.024379026,2.93E-07,1.5,433
0,1.32089E+12,0.848399997,1.32187E+12,0.861199975,97464,0.015087197,1.55E-07,1.5,434
1,1.32187E+12,0.861199975,1.32195E+12,0.86619997,8544,0.005805847,6.80E-07,1.5,435
0,1.32195E+12,0.86619997,1.32256E+12,0.853299975,60606,0.014892629,2.46E-07,1.5,436
-1,1.32256E+12,0.853299975,1.32605E+12,0.82209003,349068,0.036575585,1.05E-07,1.5,437
0,1.32605E+12,0.82209003,1.32636E+12,0.834429979,31386,0.01501046,4.78E-07,1.5,438
1,1.32636E+12,0.834429979,1.32768E+12,0.840799987,131952,0.007633963,5.79E-08,1.5,439
0,1.32768E+12,0.840799987,1.32801E+12,0.82802999,32682,0.015187913,4.65E-07,1.5,440
-1,1.32801E+12,0.82802999,1.32852E+12,0.826359987,51096,0.002016839,3.95E-08,1.5,441
0,1.32852E+12,0.826359987,1.32875E+12,0.838850021,22890,0.015114519,6.60E-07,1.5,442
1,1.32875E+12,0.838850021,1.32884E+12,0.840560019,9228,0.002038502,2.21E-07,1.5,443
0,1.32884E+12,0.840560019,1.32938E+12,0.827849984,53718,0.015120913,2.81E-07,1.5,444
-1,1.32938E+12,0.827849984,1.32939E+12,0.827650011,1068,2.42E-04,2.26E-07,1.5,445
0,1.32939E+12,0.827650011,1.32988E+12,0.840149999,49260,0.015102988,3.07E-07,1.5,446
1,1.32988E+12,0.840149999,1.33005E+12,0.850449979,17046,0.012259693,7.19E-07,1.5,447
0,1.33005E+12,0.850449979,1.33051E+12,0.837230027,46182,0.015544656,3.37E-07,1.5,448
-1,1.33051E+12,0.837230027,1.33713E+12,0.794950008,661998,0.050499883,7.63E-08,1.5,449
0,1.33713E+12,0.794950008,1.33735E+12,0.806919992,21936,0.01505753,6.86E-07,1.5,450
1,1.33735E+12,0.806919992,1.33766E+12,0.809889972,30684,0.003680638,1.20E-07,1.5,451
0,1.33766E+12,0.809889972,1.33832E+12,0.797819972,66150,0.014903259,2.25E-07,1.5,452
-1,1.33832E+12,0.797819972,1.33837E+12,0.797049999,4650,9.65E-04,2.08E-07,1.5,453
0,1.33837E+12,0.797049999,1.33856E+12,0.809099972,19758,0.015118215,7.65E-07,1.5,454
1,1.33856E+12,0.809099972,1.33935E+12,0.815590024,78096,0.008021322,1.03E-07,1.5,455
0,1.33935E+12,0.815590024,1.33948E+12,0.803340018,13902,0.015019809,1.08E-06,1.5,456
-1,1.33948E+12,0.803340018,1.3395E+12,0.801079988,1032,0.002813291,2.73E-06,1.5,457
0,1.3395E+12,0.801079988,1.33973E+12,0.813250005,23070,0.015192012,6.59E-07,1.5,458
1,1.33973E+12,0.813250005,1.33973E+12,0.815199971,84,0.002397745,2.85E-05,1.5,459
0,1.33973E+12,0.815199971,1.34001E+12,0.802640021,28614,0.015407202,5.38E-07,1.5,460
-1,1.34001E+12,0.802640021,1.34297E+12,0.775579989,295992,0.033713783,1.14E-07,1.5,461
0,1.34297E+12,0.775579989,1.3438E+12,0.787289977,82236,0.015098363,1.84E-07,1.5,462
1,1.3438E+12,0.787289977,1.34425E+12,0.796060026,45036,0.011139541,2.47E-07,1.5,463
0,1.34425E+12,0.796060026,1.34459E+12,0.78403002,34764,0.015111933,4.35E-07,1.5,464
-1,1.34459E+12,0.78403002,1.34509E+12,0.781170011,49704,0.003647832,7.34E-08,1.5,465
0,1.34509E+12,0.781170011,1.34612E+12,0.792990029,103452,0.015131173,1.46E-07,1.5,466
1,1.34612E+12,0.792990029,1.34761E+12,0.811399996,148866,0.023215888,1.56E-07,1.5,467
0,1.34761E+12,0.811399996,1.34811E+12,0.799239993,50064,0.014986447,2.99E-07,1.5,468
-1,1.34811E+12,0.799239993,1.34872E+12,0.792249978,60732,0.008745828,1.44E-07,1.5,469
0,1.34872E+12,0.792249978,1.34934E+12,0.804199994,61392,0.015083643,2.46E-07,1.5,470
1,1.34934E+12,0.804199994,1.3509E+12,0.816179991,156252,0.014896788,9.53E-08,1.5,471
0,1.3509E+12,0.816179991,1.35116E+12,0.804009974,25728,0.014910947,5.80E-07,1.5,472
-1,1.35116E+12,0.804009974,1.35236E+12,0.795979977,120858,0.009987435,8.26E-08,1.5,473
0,1.35236E+12,0.795979977,1.35357E+12,0.807990015,121020,0.015088367,1.25E-07,1.5,474
1,1.35357E+12,0.807990015,1.35666E+12,0.82239002,309018,0.017822009,5.77E-08,1.5,475
0,1.35666E+12,0.82239002,1.35716E+12,0.810050011,49950,0.015005057,3.00E-07,1.5,476
-1,1.35716E+12,0.810050011,1.35719E+12,0.808480024,2652,0.001938135,7.31E-07,1.5,477
0,1.35719E+12,0.808480024,1.35782E+12,0.820749998,63162,0.015176595,2.40E-07,1.5,478
1,1.35782E+12,0.820749998,1.35972E+12,0.871330023,189600,0.061626591,3.25E-07,1.5,479
0,1.35972E+12,0.871330023,1.35999E+12,0.858210027,26736,0.015057435,5.63E-07,1.5,480
-1,1.35999E+12,0.858210027,1.36002E+12,0.855350018,3912,0.003332529,8.52E-07,1.5,481
0,1.36002E+12,0.855350018,1.36007E+12,0.868179977,4428,0.01499966,3.39E-06,1.5,482
1,1.36007E+12,0.868179977,1.36007E+12,0.868539989,6,4.15E-04,6.91E-05,1.5,483
0,1.36007E+12,0.868539989,1.36023E+12,0.855549991,16200,0.014956131,9.23E-07,1.5,484
-1,1.36023E+12,0.855549991,1.36032E+12,0.844569981,9066,0.012833861,1.42E-06,1.5,485
0,1.36032E+12,0.844569981,1.36064E+12,0.857150018,32040,0.014895198,4.65E-07,1.5,486
1,1.36064E+12,0.857150018,1.36134E+12,0.876230001,69426,0.022259794,3.21E-07,1.5,487
0,1.36134E+12,0.876230001,1.36143E+12,0.863099992,9492,0.014984661,1.58E-06,1.5,488
-1,1.36143E+12,0.863099992,1.36152E+12,0.860390007,8874,0.003139827,3.54E-07,1.5,489
0,1.36152E+12,0.860390007,1.36173E+12,0.876540005,20574,0.018770555,9.12E-07,1.5,490
1,1.36173E+12,0.876540005,1.36178E+12,0.88132,5760,0.005453253,9.47E-07,1.5,491
0,1.36178E+12,0.88132,1.3618E+12,0.868210018,1650,0.014875394,9.02E-06,1.5,492
-1,1.3618E+12,0.868210018,1.36184E+12,0.857529998,3972,0.012301194,3.10E-06,1.5,493
0,1.36184E+12,0.857529998,1.36265E+12,0.870410025,81036,0.015019915,1.85E-07,1.5,494
1,1.36265E+12,0.870410025,1.36308E+12,0.879220009,43302,0.010121648,2.34E-07,1.5,495
0,1.36308E+12,0.879220009,1.36324E+12,0.866029978,15948,0.015001969,9.41E-07,1.5,496
-1,1.36324E+12,0.866029978,1.36477E+12,0.841030002,153234,0.028867333,1.88E-07,1.5,497
0,1.36477E+12,0.841030002,1.36545E+12,0.853810012,67356,0.015195666,2.26E-07,1.5,498
1,1.36545E+12,0.853810012,1.36617E+12,0.863380015,72510,0.011208586,1.55E-07,1.5,499
0,1.36617E+12,0.863380015,1.36634E+12,0.850539982,16842,0.01487182,8.83E-07,1.5,500
-1,1.36634E+12,0.850539982,1.36697E+12,0.839699984,62688,0.012744843,2.03E-07,1.5,501
0,1.36697E+12,0.839699984,1.36916E+12,0.852320015,219498,0.015029215,6.85E-08,1.5,502
1,1.36916E+12,0.852320015,1.3753E+12,0.876779974,613848,0.028698092,4.68E-08,1.5,503
0,1.3753E+12,0.876779974,1.37568E+12,0.863699973,37518,0.014918225,3.98E-07,1.5,504
-1,1.37568E+12,0.863699973,1.37656E+12,0.850409985,88098,0.015387274,1.75E-07,1.5,505
0,1.37656E+12,0.850409985,1.37767E+12,0.863250017,110862,0.015098638,1.36E-07,1.5,506
1,1.37767E+12,0.863250017,1.37767E+12,0.863839984,12,6.83E-04,5.70E-05,1.5,507
0,1.37767E+12,0.863839984,1.37805E+12,0.850579977,38466,0.015350073,3.99E-07,1.5,508
-1,1.37805E+12,0.850579977,1.38058E+12,0.833190024,253014,0.020444818,8.08E-08,1.5,509
0,1.38058E+12,0.833190024,1.38086E+12,0.845809996,28032,0.015146571,5.40E-07,1.5,510
1,1.38086E+12,0.845809996,1.38304E+12,0.858399987,218208,0.014885129,6.82E-08,1.5,511
0,1.38304E+12,0.858399987,1.38325E+12,0.845560014,21048,0.01495803,7.11E-07,1.5,512
-1,1.38325E+12,0.845560014,1.38381E+12,0.829940021,55902,0.018472956,3.30E-07,1.5,513
0,1.38381E+12,0.829940021,1.38423E+12,0.842920005,41742,0.015639665,3.75E-07,1.5,514
1,1.38423E+12,0.842920005,1.3843E+12,0.846249998,6510,0.003950544,6.07E-07,1.5,515
0,1.3843E+12,0.846249998,1.38494E+12,0.83336997,64782,0.015220121,2.35E-07,1.5,516
-1,1.38494E+12,0.83336997,1.38596E+12,0.825179994,101538,0.009827539,9.68E-08,1.5,517
0,1.38596E+12,0.825179994,1.38633E+12,0.837660015,37122,0.015123998,4.07E-07,1.5,518
1,1.38633E+12,0.837660015,1.38728E+12,0.846480012,95010,0.010529328,1.11E-07,1.5,519
0,1.38728E+12,0.846480012,1.38741E+12,0.833850026,12558,0.014920595,1.19E-06,1.5,520
-1,1.38741E+12,0.833850026,1.3904E+12,0.816730022,299472,0.020531274,6.86E-08,1.5,521
0,1.3904E+12,0.816730022,1.39055E+12,0.828980029,14778,0.014998844,1.01E-06,1.5,522
1,1.39055E+12,0.828980029,1.39168E+12,0.834770024,112974,0.006984481,6.18E-08,1.5,523
0,1.39168E+12,0.834770024,1.39219E+12,0.822489977,50892,0.014710695,2.89E-07,1.5,524
-1,1.39219E+12,0.822489977,1.39258E+12,0.81566,39744,0.008304025,2.09E-07,1.5,525
0,1.39258E+12,0.81566,1.39321E+12,0.828019977,62694,0.015153344,2.42E-07,1.5,526
1,1.39321E+12,0.828019977,1.39516E+12,0.839909971,195138,0.01435955,7.36E-08,1.5,527
0,1.39516E+12,0.839909971,1.3959E+12,0.82713002,73548,0.015215858,2.07E-07,1.5,528
-1,1.3959E+12,0.82713002,1.40608E+12,0.787320018,1018644,0.048130283,4.72E-08,1.5,529
0,1.40608E+12,0.787320018,1.4075E+12,0.799189985,141060,0.01507642,1.07E-07,1.5,530
1,1.4075E+12,0.799189985,1.40801E+12,0.803449988,51078,0.005330402,1.04E-07,1.5,531
0,1.40801E+12,0.803449988,1.40932E+12,0.791450024,131814,0.014935547,1.13E-07,1.5,532
-1,1.40932E+12,0.791450024,1.40954E+12,0.789080024,21696,0.002994504,1.38E-07,1.5,533
0,1.40954E+12,0.789080024,1.41011E+12,0.801079988,56442,0.015207538,2.69E-07,1.5,534
1,1.41011E+12,0.801079988,1.41032E+12,0.806360006,21678,0.006591124,3.04E-07,1.5,535
0,1.41032E+12,0.806360006,1.41045E+12,0.794200003,12870,0.015080117,1.17E-06,1.5,536
-1,1.41045E+12,0.794200003,1.41205E+12,0.776560009,160086,0.022211023,1.39E-07,1.5,537
0,1.41205E+12,0.776560009,1.41276E+12,0.788339972,70956,0.015169419,2.14E-07,1.5,538
1,1.41276E+12,0.788339972,1.41338E+12,0.804520011,61398,0.020524189,3.34E-07,1.5,539
0,1.41338E+12,0.804520011,1.41355E+12,0.79253,17706,0.01490331,8.42E-07,1.5,540
-1,1.41355E+12,0.79253,1.41526E+12,0.779910028,171240,0.015923652,9.30E-08,1.5,541
0,1.41526E+12,0.779910028,1.41586E+12,0.791719973,59940,0.015142702,2.53E-07,1.5,542
1,1.41586E+12,0.791719973,1.41637E+12,0.803799987,50520,0.015257937,3.02E-07,1.5,543
0,1.41637E+12,0.803799987,1.41656E+12,0.791899979,18828,0.014804688,7.86E-07,1.5,544
-1,1.41656E+12,0.791899979,1.41761E+12,0.78324002,104808,0.010935673,1.04E-07,1.5,545
0,1.41761E+12,0.78324002,1.41828E+12,0.795059979,67164,0.015091107,2.25E-07,1.5,546
1,1.41828E+12,0.795059979,1.4187E+12,0.799979985,42666,0.00618822,1.45E-07,1.5,547
0,1.4187E+12,0.799979985,1.41888E+12,0.788110018,17268,0.01483783,8.59E-07,1.5,548
-1,1.41888E+12,0.788110018,1.42017E+12,0.774510026,128904,0.017256464,1.34E-07,1.5,549
0,1.42017E+12,0.774510026,1.42054E+12,0.786180019,37872,0.015067582,3.98E-07,1.5,550
1,1.42054E+12,0.786180019,1.42055E+12,0.787429988,222,0.001589927,7.16E-06,1.5,551
0,1.42055E+12,0.787429988,1.42114E+12,0.775709987,59412,0.014883865,2.51E-07,1.5,552
-1,1.42114E+12,0.775709987,1.42221E+12,0.740499973,107082,0.045390692,4.24E-07,1.5,553
0,1.42221E+12,0.740499973,1.42253E+12,0.751709998,31548,0.015138453,4.80E-07,1.5,554
1,1.42253E+12,0.751709998,1.42297E+12,0.759150028,44286,0.009897475,2.23E-07,1.5,555
0,1.42297E+12,0.759150028,1.42307E+12,0.747699976,9660,0.015082727,1.56E-06,1.5,556
-1,1.42307E+12,0.747699976,1.42606E+12,0.701409996,298920,0.061909833,2.07E-07,1.5,557
0,1.42606E+12,0.701409996,1.42616E+12,0.711839974,10188,0.014870017,1.46E-06,1.5,558
1,1.42616E+12,0.711839974,1.42669E+12,0.728630006,53700,0.023586807,4.39E-07,1.5,559
0,1.42669E+12,0.728630006,1.42674E+12,0.717779994,4596,0.014890977,3.24E-06,1.5,560
-1,1.42674E+12,0.717779994,1.42675E+12,0.715359986,606,0.003371518,5.56E-06,1.5,561
0,1.42675E+12,0.715359986,1.42709E+12,0.72615999,33984,0.0150973,4.44E-07,1.5,562
1,1.42709E+12,0.72615999,1.42734E+12,0.738380015,25800,0.016828282,6.52E-07,1.5,563
0,1.42734E+12,0.738380015,1.42744E+12,0.726899981,9168,0.015547595,1.70E-06,1.5,564
-1,1.42744E+12,0.726899981,1.4278E+12,0.722249985,36750,0.006397024,1.74E-07,1.5,565
0,1.4278E+12,0.722249985,1.42796E+12,0.733200014,15846,0.015160996,9.57E-07,1.5,566
1,1.42796E+12,0.733200014,1.42805E+12,0.737869978,8964,0.006369291,7.11E-07,1.5,567
0,1.42805E+12,0.737869978,1.42847E+12,0.726890028,42264,0.014880603,3.52E-07,1.5,568
-1,1.42847E+12,0.726890028,1.42976E+12,0.71171999,128046,0.020869784,1.63E-07,1.5,569
0,1.42976E+12,0.71171999,1.43036E+12,0.722500026,60630,0.015146457,2.50E-07,1.5,570
1,1.43036E+12,0.722500026,1.43097E+12,0.748199999,61092,0.035570896,5.82E-07,1.5,571
0,1.43097E+12,0.748199999,1.43101E+12,0.731109977,4212,0.022841516,5.42E-06,1.5,572
-1,1.43101E+12,0.731109977,1.43149E+12,0.712300003,47616,0.025727968,5.40E-07,1.5,573
0,1.43149E+12,0.712300003,1.43157E+12,0.722909987,7698,0.014895387,1.93E-06,1.5,574
1,1.43157E+12,0.722909987,1.4317E+12,0.72823,13230,0.007359163,5.56E-07,1.5,575
0,1.4317E+12,0.72823,1.432E+12,0.717069983,30126,0.015324851,5.09E-07,1.5,576
-1,1.432E+12,0.717069983,1.43271E+12,0.705550015,71214,0.016065334,2.26E-07,1.5,577
0,1.43271E+12,0.705550015,1.43283E+12,0.716210008,12060,0.01510877,1.25E-06,1.5,578
1,1.43283E+12,0.716210008,1.43339E+12,0.738179982,55542,0.030675324,5.52E-07,1.5,579
0,1.43339E+12,0.738179982,1.43349E+12,0.727050006,10380,0.01507759,1.45E-06,1.5,580
-1,1.43349E+12,0.727050006,1.43373E+12,0.72657001,23358,6.60E-04,2.83E-08,1.5,581
0,1.43373E+12,0.72657001,1.43381E+12,0.737450004,8478,0.01497446,1.77E-06,1.5,582
1,1.43381E+12,0.737450004,1.43382E+12,0.738770008,738,0.001789958,2.43E-06,1.5,583
0,1.43382E+12,0.738770008,1.43393E+12,0.727829993,10920,0.014808418,1.36E-06,1.5,584
-1,1.43393E+12,0.727829993,1.43551E+12,0.698710024,158304,0.0400093,2.53E-07,1.5,585
0,1.43551E+12,0.698710024,1.43557E+12,0.709230006,6258,0.015056291,2.41E-06,1.5,586
1,1.43557E+12,0.709230006,1.43649E+12,0.722310007,91734,0.018442537,2.01E-07,1.5,587
0,1.43649E+12,0.722310007,1.43676E+12,0.71142,26994,0.015076639,5.59E-07,1.5,588
-1,1.43676E+12,0.71142,1.43713E+12,0.693620026,37134,0.025020345,6.74E-07,1.5,589
0,1.43713E+12,0.693620026,1.43748E+12,0.704110026,34782,0.015123554,4.35E-07,1.5,590
1,1.43748E+12,0.704110026,1.43797E+12,0.715719998,48594,0.01648886,3.39E-07,1.5,591
0,1.43797E+12,0.715719998,1.43816E+12,0.705039978,19278,0.014922064,7.74E-07,1.5,592
-1,1.43816E+12,0.705039978,1.43825E+12,0.698509991,8688,0.009261867,1.07E-06,1.5,593
0,1.43825E+12,0.698509991,1.43833E+12,0.708880007,8472,0.014845909,1.75E-06,1.5,594
1,1.43833E+12,0.708880007,1.43833E+12,0.709739983,30,0.001213147,4.04E-05,1.5,595
0,1.43833E+12,0.709739983,1.4387E+12,0.699150026,36834,0.014920897,4.05E-07,1.5,596
-1,1.4387E+12,0.699150026,1.43877E+12,0.695079982,6714,0.005821417,8.67E-07,1.5,597
0,1.43877E+12,0.695079982,1.43891E+12,0.705540001,14790,0.015048655,1.02E-06,1.5,598
1,1.43891E+12,0.705540001,1.43935E+12,0.716920018,43632,0.016129513,3.70E-07,1.5,599
0,1.43935E+12,0.716920018,1.43987E+12,0.706200004,52074,0.014952874,2.87E-07,1.5,600
-1,1.43987E+12,0.706200004,1.43988E+12,0.702620029,1284,0.005069349,3.95E-06,1.5,601
0,1.43988E+12,0.702620029,1.44004E+12,0.713129997,15972,0.014958252,9.37E-07,1.5,602
1,1.44004E+12,0.713129997,1.4404E+12,0.74198997,36018,0.040469442,1.12E-06,1.5,603
0,1.4404E+12,0.74198997,1.44047E+12,0.73071003,6720,0.015202282,2.26E-06,1.5,604
-1,1.44047E+12,0.73071003,1.44095E+12,0.724600017,47958,0.008361747,1.74E-07,1.5,605
0,1.44095E+12,0.724600017,1.44108E+12,0.735450029,12492,0.014973795,1.20E-06,1.5,606
1,1.44108E+12,0.735450029,1.44112E+12,0.739480019,4776,0.005479623,1.15E-06,1.5,607
0,1.44112E+12,0.739480019,1.44127E+12,0.728550017,14328,0.014780659,1.03E-06,1.5,608
-1,1.44127E+12,0.728550017,1.44179E+12,0.724020004,52026,0.006217847,1.20E-07,1.5,609
0,1.44179E+12,0.724020004,1.44197E+12,0.734969974,18306,0.015123849,8.26E-07,1.5,610
1,1.44197E+12,0.734969974,1.44236E+12,0.735840023,38616,0.001183788,3.07E-08,1.5,611
0,1.44236E+12,0.735840023,1.44282E+12,0.724839985,46098,0.014948952,3.24E-07,1.5,612
-1,1.44282E+12,0.724839985,1.44289E+12,0.719649971,6840,0.007160221,1.05E-06,1.5,613
0,1.44289E+12,0.719649971,1.443E+12,0.730989993,10998,0.015757691,1.43E-06,1.5,614
1,1.443E+12,0.730989993,1.44472E+12,0.749189973,172608,0.024897715,1.44E-07,1.5,615
0,1.44472E+12,0.749189973,1.44489E+12,0.737990022,16524,0.014949414,9.05E-07,1.5,616
-1,1.44489E+12,0.737990022,1.44669E+12,0.704180002,180552,0.045813654,2.54E-07,1.5,617
0,1.44669E+12,0.704180002,1.44673E+12,0.714749992,4014,0.015010352,3.74E-06,1.5,618
1,1.44673E+12,0.714749992,1.44679E+12,0.719630003,6228,0.006827578,1.10E-06,1.5,619
0,1.44679E+12,0.719630003,1.44714E+12,0.70885998,34656,0.014966056,4.32E-07,1.5,620
-1,1.44714E+12,0.70885998,1.44786E+12,0.698230028,71394,0.014995842,2.10E-07,1.5,621
0,1.44786E+12,0.698230028,1.44906E+12,0.708540022,120498,0.014765899,1.23E-07,1.5,622
1,1.44906E+12,0.708540022,1.45326E+12,0.775460005,420228,0.09444771,2.25E-07,1.5,623
0,1.45326E+12,0.775460005,1.45337E+12,0.763909996,11076,0.014894397,1.34E-06,1.5,624
-1,1.45337E+12,0.763909996,1.45346E+12,0.752539992,8478,0.014883957,1.76E-06,1.5,625
0,1.45346E+12,0.752539992,1.45377E+12,0.763999999,31434,0.015228435,4.84E-07,1.5,626
1,1.45377E+12,0.763999999,1.45391E+12,0.766279995,13530,0.002984289,2.21E-07,1.5,627
0,1.45391E+12,0.766279995,1.45434E+12,0.754999995,43026,0.014720468,3.42E-07,1.5,628
-1,1.45434E+12,0.754999995,1.45448E+12,0.752590001,14694,0.003192046,2.17E-07,1.5,629
0,1.45448E+12,0.752590001,1.45457E+12,0.763939977,8262,0.015081221,1.83E-06,1.5,630
1,1.45457E+12,0.763939977,1.45501E+12,0.784950018,44274,0.027502215,6.21E-07,1.5,631
0,1.45501E+12,0.784950018,1.45509E+12,0.773270011,8046,0.014879937,1.85E-06,1.5,632
-1,1.45509E+12,0.773270011,1.4551E+12,0.771309972,978,0.002534741,2.59E-06,1.5,633
0,1.4551E+12,0.771309972,1.45516E+12,0.782999992,6126,0.01515606,2.47E-06,1.5,634
1,1.45516E+12,0.782999992,1.45518E+12,0.789510012,1620,0.008314201,5.13E-06,1.5,635
0,1.45518E+12,0.789510012,1.45525E+12,0.777800024,6816,0.014831969,2.18E-06,1.5,636
-1,1.45525E+12,0.777800024,1.45559E+12,0.769540012,34806,0.010619711,3.05E-07,1.5,637
0,1.45559E+12,0.769540012,1.45567E+12,0.781149983,7188,0.015086898,2.10E-06,1.5,638
1,1.45567E+12,0.781149983,1.45568E+12,0.784389973,1026,0.004147717,4.04E-06,1.5,639
0,1.45568E+12,0.784389973,1.45578E+12,0.77275002,10176,0.014839497,1.46E-06,1.5,640
-1,1.45578E+12,0.77275002,1.45579E+12,0.770730019,798,0.002614043,3.28E-06,1.5,641
0,1.45579E+12,0.770730019,1.45611E+12,0.78275001,32760,0.015595593,4.76E-07,1.5,642
1,1.45611E+12,0.78275001,1.45637E+12,0.792649984,25350,0.012647683,4.99E-07,1.5,643
0,1.45637E+12,0.792649984,1.45674E+12,0.780449986,37608,0.015391406,4.09E-07,1.5,644
-1,1.45674E+12,0.780449986,1.4576E+12,0.765209973,85368,0.019527214,2.29E-07,1.5,645
0,1.4576E+12,0.765209973,1.4576E+12,0.776570022,426,0.014845663,3.48E-05,1.5,646
1,1.4576E+12,0.776570022,1.45819E+12,0.791069984,59334,0.018671803,3.15E-07,1.5,647
0,1.45819E+12,0.791069984,1.45829E+12,0.779030025,9288,0.015219841,1.64E-06,1.5,648
-1,1.45829E+12,0.779030025,1.45831E+12,0.777429998,2004,0.002053871,1.02E-06,1.5,649
0,1.45831E+12,0.777429998,1.45864E+12,0.78907001,33150,0.014972425,4.52E-07,1.5,650
1,1.45864E+12,0.78907001,1.46E+12,0.811460018,135768,0.028375186,2.09E-07,1.5,651
0,1.46E+12,0.811460018,1.46043E+12,0.799329996,43746,0.014948392,3.42E-07,1.5,652
-1,1.46043E+12,0.799329996,1.46166E+12,0.773509979,122376,0.032302074,2.64E-07,1.5,653
0,1.46166E+12,0.773509979,1.46212E+12,0.785459995,46062,0.015449078,3.35E-07,1.5,654
1,1.46212E+12,0.785459995,1.46236E+12,0.794610023,23946,0.011649261,4.86E-07,1.5,655
0,1.46236E+12,0.794610023,1.46342E+12,0.782469988,106578,0.015277979,1.43E-07,1.5,656
-1,1.46342E+12,0.782469988,1.46417E+12,0.756500006,74472,0.033189749,4.46E-07,1.5,657
0,1.46417E+12,0.756500006,1.46469E+12,0.767920017,52554,0.015095851,2.87E-07,1.5,658
1,1.46469E+12,0.767920017,1.46515E+12,0.790430009,45678,0.029312938,6.42E-07,1.5,659
0,1.46515E+12,0.790430009,1.46525E+12,0.776059985,10392,0.018180008,1.75E-06,1.5,660
-1,1.46525E+12,0.776059985,1.46525E+12,0.776059985,0,0,0,1.5,661
0,1.46525E+12,0.776059985,1.46555E+12,0.78757,29484,0.014831346,5.03E-07,1.5,662
1,1.46555E+12,0.78757,1.46604E+12,0.798730016,49272,0.014170189,2.88E-07,1.5,663
0,1.46604E+12,0.798730016,1.46613E+12,0.786459982,9264,0.015361928,1.66E-06,1.5,664
-1,1.46613E+12,0.786459982,1.4667E+12,0.759940028,56484,0.033720666,5.97E-07,1.5,665
0,1.4667E+12,0.759940028,1.46671E+12,0.767539978,618,0.010000723,1.62E-05,1.5,666
1,1.46671E+12,0.767539978,1.46671E+12,0.783590019,12,0.020911016,0.001742585,1.5,667
0,1.46671E+12,0.783590019,1.46671E+12,0.772279978,102,0.01443362,1.42E-04,1.5,668
-1,1.46671E+12,0.772279978,1.46671E+12,0.772279978,0,0,0,1.5,669
0,1.46671E+12,0.772279978,1.46671E+12,0.783479989,540,0.014502526,2.69E-05,1.5,670
1,1.46671E+12,0.783479989,1.46671E+12,0.794579983,12,0.014167553,0.001180629,1.5,671
0,1.46671E+12,0.794579983,1.46671E+12,0.78016001,90,0.018147919,2.02E-04,1.5,672
-1,1.46671E+12,0.78016001,1.46671E+12,0.774119973,54,0.007742049,1.43E-04,1.5,673
0,1.46671E+12,0.774119973,1.46672E+12,0.785090029,252,0.014171002,5.62E-05,1.5,674
1,1.46672E+12,0.785090029,1.46672E+12,0.830959976,804,0.058426352,7.27E-05,1.5,675
0,1.46672E+12,0.830959976,1.46673E+12,0.818430007,120,0.015078908,1.26E-04,1.5,676
-1,1.46673E+12,0.818430007,1.46674E+12,0.797950029,1872,0.025023493,1.34E-05,1.5,677
0,1.46674E+12,0.797950029,1.46676E+12,0.81020999,1782,0.015364321,8.62E-06,1.5,678
1,1.46676E+12,0.81020999,1.46703E+12,0.837710023,26370,0.033941859,1.29E-06,1.5,679
0,1.46703E+12,0.837710023,1.46717E+12,0.825169981,14454,0.014969431,1.04E-06,1.5,680
-1,1.46717E+12,0.825169981,1.46719E+12,0.820590019,2406,0.005550325,2.31E-06,1.5,681
0,1.46719E+12,0.820590019,1.46728E+12,0.832750022,8652,0.01481861,1.71E-06,1.5,682
1,1.46728E+12,0.832750022,1.46783E+12,0.861039996,54576,0.033971748,6.22E-07,1.5,683
0,1.46783E+12,0.861039996,1.46827E+12,0.848129988,44304,0.014993506,3.38E-07,1.5,684
-1,1.46827E+12,0.848129988,1.46835E+12,0.829959989,8472,0.021423602,2.53E-06,1.5,685
0,1.46835E+12,0.829959989,1.46841E+12,0.842480004,5208,0.015085083,2.90E-06,1.5,686
1,1.46841E+12,0.842480004,1.46843E+12,0.846880019,2712,0.005222694,1.93E-06,1.5,687
0,1.46843E+12,0.846880019,1.46848E+12,0.830370009,4224,0.019495099,4.62E-06,1.5,688
-1,1.46848E+12,0.830370009,1.46854E+12,0.826160014,6294,0.005070023,8.06E-07,1.5,689
0,1.46854E+12,0.826160014,1.46858E+12,0.838549972,4182,0.014997044,3.59E-06,1.5,690
1,1.46858E+12,0.838549972,1.4701E+12,0.848699987,151932,0.012104246,7.97E-08,1.5,691
0,1.4701E+12,0.848699987,1.47025E+12,0.835990012,15108,0.014975816,9.91E-07,1.5,692
-1,1.47025E+12,0.835990012,1.47029E+12,0.834399998,3786,0.001901953,5.02E-07,1.5,693
0,1.47029E+12,0.834399998,1.47029E+12,0.846599996,342,0.014621282,4.28E-05,1.5,694
1,1.47029E+12,0.846599996,1.47132E+12,0.872160017,102264,0.030191379,2.95E-07,1.5,695
0,1.47132E+12,0.872160017,1.4715E+12,0.859220028,18072,0.014836715,8.21E-07,1.5,696
-1,1.4715E+12,0.859220028,1.47315E+12,0.833320022,165654,0.030143625,1.82E-07,1.5,697
0,1.47315E+12,0.833320022,1.47332E+12,0.846769989,16482,0.016140218,9.79E-07,1.5,698
1,1.47332E+12,0.846769989,1.47578E+12,0.904890001,246084,0.068637308,2.79E-07,1.5,699
0,1.47578E+12,0.904890001,1.47581E+12,0.891139984,3048,0.015195236,4.99E-06,1.5,700
-1,1.47581E+12,0.891139984,1.47581E+12,0.890219986,24,0.001032383,4.30E-05,1.5,701
0,1.47581E+12,0.890219986,1.47582E+12,0.903150022,768,0.01452454,1.89E-05,1.5,702
1,1.47582E+12,0.903150022,1.47582E+12,0.910040021,60,0.007628853,1.27E-04,1.5,703
0,1.47582E+12,0.910040021,1.47583E+12,0.896539986,1740,0.014834551,8.53E-06,1.5,704
-1,1.47583E+12,0.896539986,1.47584E+12,0.896009982,714,5.91E-04,8.28E-07,1.5,705
0,1.47584E+12,0.896009982,1.47619E+12,0.909650028,34530,0.015223096,4.41E-07,1.5,706
1,1.47619E+12,0.909650028,1.47619E+12,0.913680017,324,0.004430263,1.37E-05,1.5,707
0,1.47619E+12,0.913680017,1.47621E+12,0.899999976,2166,0.014972464,6.91E-06,1.5,708
-1,1.47621E+12,0.899999976,1.47705E+12,0.888040006,83862,0.013288856,1.58E-07,1.5,709
0,1.47705E+12,0.888040006,1.47767E+12,0.901390016,61902,0.015033118,2.43E-07,1.5,710
1,1.47767E+12,0.901390016,1.47804E+12,0.90474999,37158,0.003727547,1.00E-07,1.5,711
0,1.47804E+12,0.90474999,1.47816E+12,0.891099989,11424,0.015087041,1.32E-06,1.5,712
-1,1.47816E+12,0.891099989,1.47826E+12,0.885689974,10542,0.006071166,5.76E-07,1.5,713
0,1.47826E+12,0.885689974,1.47865E+12,0.898890018,38538,0.014903685,3.87E-07,1.5,714
1,1.47865E+12,0.898890018,1.47865E+12,0.902279973,678,0.003771267,5.56E-06,1.5,715
0,1.47865E+12,0.902279973,1.47868E+12,0.888859987,2562,0.014873416,5.81E-06,1.5,716
-1,1.47868E+12,0.888859987,1.47884E+12,0.856660008,16242,0.036226154,2.23E-06,1.5,717
0,1.47884E+12,0.856660008,1.47918E+12,0.869599998,34344,0.015105164,4.40E-07,1.5,718
1,1.47918E+12,0.869599998,1.47918E+12,0.870270014,12,7.70E-04,6.42E-05,1.5,719
0,1.47918E+12,0.870270014,1.47922E+12,0.857620001,3636,0.014535733,4.00E-06,1.5,720
-1,1.47922E+12,0.857620001,1.48089E+12,0.830460012,167280,0.031669025,1.89E-07,1.5,721
0,1.48089E+12,0.830460012,1.48092E+12,0.842989981,2628,0.015087986,5.74E-06,1.5,722
1,1.48092E+12,0.842989981,1.48118E+12,0.856440008,26328,0.015955144,6.06E-07,1.5,723
0,1.48118E+12,0.856440008,1.48119E+12,0.843890011,552,0.014653678,2.65E-05,1.5,724
-1,1.48119E+12,0.843890011,1.48179E+12,0.833249986,59658,0.012608308,2.11E-07,1.5,725
0,1.48179E+12,0.833249986,1.48238E+12,0.845659971,59142,0.014893472,2.52E-07,1.5,726
1,1.48238E+12,0.845659971,1.48304E+12,0.865580022,66018,0.023555627,3.57E-07,1.5,727
0,1.48304E+12,0.865580022,1.48309E+12,0.852339983,5364,0.015296147,2.85E-06,1.5,728
-1,1.48309E+12,0.852339983,1.48343E+12,0.845019996,33732,0.008588107,2.55E-07,1.5,729
0,1.48343E+12,0.845019996,1.4837E+12,0.857770026,27006,0.015088435,5.59E-07,1.5,730
1,1.4837E+12,0.857770026,1.48453E+12,0.884769976,83556,0.031476911,3.77E-07,1.5,731
0,1.48453E+12,0.884769976,1.48464E+12,0.871580005,10320,0.014907797,1.44E-06,1.5,732
-1,1.48464E+12,0.871580005,1.48543E+12,0.84701997,79188,0.028178749,3.56E-07,1.5,733
0,1.48543E+12,0.84701997,1.48584E+12,0.860010028,40986,0.015336188,3.74E-07,1.5,734
1,1.48584E+12,0.860010028,1.48585E+12,0.863279998,828,0.003802247,4.59E-06,1.5,735
0,1.48585E+12,0.863279998,1.48594E+12,0.850359976,9642,0.014966201,1.55E-06,1.5,736
-1,1.48594E+12,0.850359976,1.48594E+12,0.84928,24,0.001270023,5.29E-05,1.5,737
0,1.48594E+12,0.84928,1.48603E+12,0.862030029,8988,0.015012751,1.67E-06,1.5,738
1,1.48603E+12,0.862030029,1.48632E+12,0.864269972,28356,0.002598451,9.16E-08,1.5,739
0,1.48632E+12,0.864269972,1.48652E+12,0.851260006,20814,0.015053127,7.23E-07,1.5,740
-1,1.48652E+12,0.851260006,1.48701E+12,0.845600009,48432,0.006648964,1.37E-07,1.5,741
0,1.48701E+12,0.845600009,1.48731E+12,0.858430028,29886,0.015172681,5.08E-07,1.5,742
1,1.48731E+12,0.858430028,1.48731E+12,0.85898,6,6.41E-04,1.07E-04,1.5,743
0,1.48731E+12,0.85898,1.48767E+12,0.846090019,36594,0.015006148,4.10E-07,1.5,744
-1,1.48767E+12,0.846090019,1.48773E+12,0.840269983,5982,0.006878743,1.15E-06,1.5,745
0,1.48773E+12,0.840269983,1.48816E+12,0.852909982,43086,0.015042783,3.49E-07,1.5,746
1,1.48816E+12,0.852909982,1.48936E+12,0.878679991,119766,0.030214219,2.52E-07,1.5,747
0,1.48936E+12,0.878679991,1.49008E+12,0.865729988,71364,0.01473802,2.07E-07,1.5,748
-1,1.49008E+12,0.865729988,1.49252E+12,0.831319988,244326,0.039746804,1.63E-07,1.5,749
0,1.49252E+12,0.831319988,1.49296E+12,0.849720001,44394,0.022133491,4.99E-07,1.5,750
1,1.49296E+12,0.849720001,1.49317E+12,0.853049994,20472,0.003918929,1.91E-07,1.5,751
0,1.49317E+12,0.853049994,1.49433E+12,0.840330005,115950,0.014911188,1.29E-07,1.5,752
-1,1.49433E+12,0.840330005,1.49438E+12,0.838360012,5214,0.002344309,4.50E-07,1.5,753
0,1.49438E+12,0.838360012,1.49485E+12,0.851050019,47268,0.015136704,3.20E-07,1.5,754
1,1.49485E+12,0.851050019,1.49725E+12,0.886520028,240042,0.041677937,1.74E-07,1.5,755
0,1.49725E+12,0.886520028,1.49751E+12,0.873920023,25374,0.014212882,5.60E-07,1.5,756
-1,1.49751E+12,0.873920023,1.49756E+12,0.87191999,5520,0.002288578,4.15E-07,1.5,757
0,1.49756E+12,0.87191999,1.49856E+12,0.885119975,99954,0.015138987,1.51E-07,1.5,758
1,1.49856E+12,0.885119975,1.49982E+12,0.894599974,126108,0.010710412,8.49E-08,1.5,759
0,1.49982E+12,0.894599974,1.49992E+12,0.881250024,9576,0.014922815,1.56E-06,1.5,760
-1,1.49992E+12,0.881250024,1.50003E+12,0.874270022,10758,0.007920569,7.36E-07,1.5,761
0,1.50003E+12,0.874270022,1.50036E+12,0.887489974,33246,0.015121132,4.55E-07,1.5,762
1,1.50036E+12,0.887489974,1.50398E+12,0.930610001,362100,0.048586494,1.34E-07,1.5,763
0,1.50398E+12,0.930610001,1.50425E+12,0.916790009,27348,0.014850466,5.43E-07,1.5,764
-1,1.50425E+12,0.916790009,1.5065E+12,0.874610007,224862,0.046008357,2.05E-07,1.5,765
0,1.5065E+12,0.874610007,1.50701E+12,0.887809992,51372,0.015092424,2.94E-07,1.5,766
1,1.50701E+12,0.887809992,1.50779E+12,0.903159976,77706,0.017289718,2.23E-07,1.5,767
0,1.50779E+12,0.903159976,1.50786E+12,0.889649987,6780,0.014958578,2.21E-06,1.5,768
-1,1.50786E+12,0.889649987,1.50812E+12,0.885559976,26064,0.004597326,1.76E-07,1.5,769
0,1.50812E+12,0.885559976,1.50841E+12,0.898989975,29178,0.015165545,5.20E-07,1.5,770
1,1.50841E+12,0.898989975,1.50846E+12,0.902220011,4686,0.00359296,7.67E-07,1.5,771
0,1.50846E+12,0.902220011,1.50876E+12,0.888809979,30156,0.014863372,4.93E-07,1.5,772
-1,1.50876E+12,0.888809979,1.50953E+12,0.873279989,76458,0.01747279,2.29E-07,1.5,773
0,1.50953E+12,0.873279989,1.50961E+12,0.886309981,8454,0.01492075,1.76E-06,1.5,774
1,1.50961E+12,0.886309981,1.50963E+12,0.893630028,1980,0.008259014,4.17E-06,1.5,775
0,1.50963E+12,0.893630028,1.51003E+12,0.880259991,39606,0.01496149,3.78E-07,1.5,776
-1,1.51003E+12,0.880259991,1.51003E+12,0.879130006,612,0.001283694,2.10E-06,1.5,777
0,1.51003E+12,0.879130006,1.51063E+12,0.892449975,59580,0.015151308,2.54E-07,1.5,778
1,1.51063E+12,0.892449975,1.51072E+12,0.901080012,9450,0.009670052,1.02E-06,1.5,779
0,1.51072E+12,0.901080012,1.51114E+12,0.887470007,42222,0.015104103,3.58E-07,1.5,780
-1,1.51114E+12,0.887470007,1.51126E+12,0.884190023,11094,0.003695882,3.33E-07,1.5,781
0,1.51126E+12,0.884190023,1.51187E+12,0.897539973,61302,0.015098508,2.46E-07,1.5,782
1,1.51187E+12,0.897539973,1.51187E+12,0.89805001,192,5.68E-04,2.96E-06,1.5,783
0,1.51187E+12,0.89805001,1.51192E+12,0.884720027,5370,0.014843252,2.76E-06,1.5,784
-1,1.51192E+12,0.884720027,1.5127E+12,0.868960023,77916,0.01781355,2.29E-07,1.5,785
0,1.5127E+12,0.868960023,1.51296E+12,0.882099986,26016,0.015121482,5.81E-07,1.5,786
1,1.51296E+12,0.882099986,1.51573E+12,0.892419994,276528,0.011699363,4.23E-08,1.5,787
0,1.51573E+12,0.892419994,1.51661E+12,0.879130006,88536,0.014892078,1.68E-07,1.5,788
-1,1.51661E+12,0.879130006,1.51685E+12,0.868700027,23778,0.011863977,4.99E-07,1.5,789
0,1.51685E+12,0.868700027,1.51728E+12,0.881789982,42840,0.015068441,3.52E-07,1.5,790
1,1.51728E+12,0.881789982,1.51791E+12,0.890910029,62652,0.010342652,1.65E-07,1.5,791
0,1.51791E+12,0.890910029,1.51807E+12,0.875970006,16680,0.016769396,1.01E-06,1.5,792
-1,1.51807E+12,0.875970006,1.51808E+12,0.873199999,228,0.003162216,1.39E-05,1.5,793
0,1.51808E+12,0.873199999,1.51816E+12,0.886420012,8598,0.01513973,1.76E-06,1.5,794
1,1.51816E+12,0.886420012,1.51858E+12,0.891740024,42174,0.006001684,1.42E-07,1.5,795
0,1.51858E+12,0.891740024,1.51958E+12,0.878440022,99480,0.014914663,1.50E-07,1.5,796
-1,1.51958E+12,0.878440022,1.51962E+12,0.877170026,3906,0.00144574,3.70E-07,1.5,797
0,1.51962E+12,0.877170026,1.51992E+12,0.890460014,29958,0.015150983,5.06E-07,1.5,798
1,1.51992E+12,0.890460014,1.5204E+12,0.896719992,48072,0.007030049,1.46E-07,1.5,799
0,1.5204E+12,0.896719992,1.52111E+12,0.883229971,70920,0.015043739,2.12E-07,1.5,800
-1,1.52111E+12,0.883229971,1.52396E+12,0.862039983,285216,0.023991473,8.41E-08,1.5,801
0,1.52396E+12,0.862039983,1.52414E+12,0.874909997,18246,0.014929718,8.18E-07,1.5,802
1,1.52414E+12,0.874909997,1.52545E+12,0.884050012,130800,0.010446806,7.99E-08,1.5,803
0,1.52545E+12,0.884050012,1.52757E+12,0.870649993,211830,0.015157534,7.16E-08,1.5,804
-1,1.52757E+12,0.870649993,1.52757E+12,0.869750023,174,0.001033677,5.94E-06,1.5,805
0,1.52757E+12,0.869750023,1.52835E+12,0.882759988,78498,0.014958281,1.91E-07,1.5,806
1,1.52835E+12,0.882759988,1.53545E+12,0.909829974,709734,0.030665171,4.32E-08,1.5,807
0,1.53545E+12,0.909829974,1.53562E+12,0.896279991,16632,0.014892874,8.95E-07,1.5,808
-1,1.53562E+12,0.896279991,1.53742E+12,0.884729981,180672,0.012886608,7.13E-08,1.5,809
0,1.53742E+12,0.884729981,1.53752E+12,0.898069978,9522,0.015078043,1.58E-06,1.5,810
1,1.53752E+12,0.898069978,1.53752E+12,0.899339974,162,0.001414139,8.73E-06,1.5,811
0,1.53752E+12,0.899339974,1.53858E+12,0.885950029,106164,0.014888635,1.40E-07,1.5,812
-1,1.53858E+12,0.885950029,1.53914E+12,0.872290015,55476,0.015418492,2.78E-07,1.5,813
0,1.53914E+12,0.872290015,1.54019E+12,0.885460019,105708,0.015098194,1.43E-07,1.5,814
1,1.54019E+12,0.885460019,1.5409E+12,0.893850029,70944,0.009475311,1.34E-07,1.5,815
0,1.5409E+12,0.893850029,1.54105E+12,0.880559981,14286,0.014868319,1.04E-06,1.5,816
-1,1.54105E+12,0.880559981,1.54211E+12,0.865570009,106236,0.017023227,1.60E-07,1.5,817
0,1.54211E+12,0.865570009,1.54225E+12,0.879069984,14496,0.01559663,1.08E-06,1.5,818
1,1.54225E+12,0.879069984,1.54444E+12,0.908490002,218490,0.033467208,1.53E-07,1.5,819
0,1.54444E+12,0.908490002,1.54624E+12,0.894949973,180288,0.014903884,8.27E-08,1.5,820
-1,1.54624E+12,0.894949973,1.54625E+12,0.892700016,996,0.002514058,2.52E-06,1.5,821
0,1.54625E+12,0.892700016,1.54645E+12,0.905960023,19920,0.014853822,7.46E-07,1.5,822
1,1.54645E+12,0.905960023,1.54645E+12,0.909839988,6,0.00428271,7.14E-04,1.5,823
0,1.54645E+12,0.909839988,1.5466E+12,0.89617002,15126,0.015024584,9.93E-07,1.5,824
-1,1.5466E+12,0.89617002,1.54836E+12,0.86176002,175290,0.038396732,2.19E-07,1.5,825
0,1.54836E+12,0.86176002,1.54878E+12,0.874970019,42120,0.015329092,3.64E-07,1.5,826
1,1.54878E+12,0.874970019,1.55014E+12,0.883979976,136032,0.010297447,7.57E-08,1.5,827
0,1.55014E+12,0.883979976,1.55057E+12,0.870949984,43572,0.014740144,3.38E-07,1.5,828
-1,1.55057E+12,0.870949984,1.55127E+12,0.852890015,69210,0.020735943,3.00E-07,1.5,829
0,1.55127E+12,0.852890015,1.55225E+12,0.865750015,98262,0.015078146,1.53E-07,1.5,830
1,1.55225E+12,0.865750015,1.55228E+12,0.867529988,3174,0.00205599,6.48E-07,1.5,831
0,1.55228E+12,0.867529988,1.55231E+12,0.854569972,2652,0.014938984,5.63E-06,1.5,832
-1,1.55231E+12,0.854569972,1.55232E+12,0.84750998,1794,0.008261455,4.61E-06,1.5,833
0,1.55232E+12,0.84750998,1.55237E+12,0.860109985,4692,0.014867087,3.17E-06,1.5,834
1,1.55237E+12,0.860109985,1.5524E+12,0.865140021,2940,0.005848131,1.99E-06,1.5,835
0,1.5524E+12,0.865140021,1.55249E+12,0.852289975,8994,0.01485314,1.65E-06,1.5,836
-1,1.55249E+12,0.852289975,1.55249E+12,0.847169995,108,0.006007321,5.56E-05,1.5,837
0,1.55249E+12,0.847169995,1.55307E+12,0.859969974,57462,0.015109102,2.63E-07,1.5,838
1,1.55307E+12,0.859969974,1.55317E+12,0.871959984,10200,0.01394236,1.37E-06,1.5,839
0,1.55317E+12,0.871959984,1.55324E+12,0.858940005,6882,0.014931854,2.17E-06,1.5,840
-1,1.55324E+12,0.858940005,1.5537E+12,0.848320007,46452,0.012364074,2.66E-07,1.5,841
0,1.5537E+12,0.848320007,1.55383E+12,0.861320019,12714,0.015324419,1.21E-06,1.5,842
1,1.55383E+12,0.861320019,1.55385E+12,0.864380002,2436,0.003552667,1.46E-06,1.5,843
0,1.55385E+12,0.864380002,1.55426E+12,0.851509988,40368,0.014889301,3.69E-07,1.5,844
-1,1.55426E+12,0.851509988,1.55426E+12,0.850260019,150,0.001467944,9.79E-06,1.5,845
0,1.55426E+12,0.850260019,1.55446E+12,0.863150001,20442,0.015160046,7.42E-07,1.5,846
1,1.55446E+12,0.863150001,1.55603E+12,0.868120015,157206,0.005757996,3.66E-08,1.5,847
0,1.55603E+12,0.868120015,1.55688E+12,0.855159998,84126,0.014928831,1.77E-07,1.5,848
-1,1.55688E+12,0.855159998,1.55708E+12,0.848990023,19950,0.007214995,3.62E-07,1.5,849
0,1.55708E+12,0.848990023,1.55731E+12,0.86184001,23148,0.015135615,6.54E-07,1.5,850
1,1.55731E+12,0.86184001,1.56333E+12,0.905009985,602298,0.050090475,8.32E-08,1.5,851
0,1.56333E+12,0.905009985,1.56395E+12,0.891569972,61794,0.014850679,2.40E-07,1.5,852
-1,1.56395E+12,0.891569972,1.56404E+12,0.889119983,9126,0.00274795,3.01E-07,1.5,853
0,1.56404E+12,0.889119983,1.56438E+12,0.902459979,33984,0.015003595,4.41E-07,1.5,854
1,1.56438E+12,0.902459979,1.56555E+12,0.932370007,117048,0.033142775,2.83E-07,1.5,855
0,1.56555E+12,0.932370007,1.56585E+12,0.917980015,30294,0.015433778,5.09E-07,1.5,856
-1,1.56585E+12,0.917980015,1.56894E+12,0.878620028,308952,0.042876736,1.39E-07,1.5,857
0,1.56894E+12,0.878620028,1.56992E+12,0.891749978,97890,0.014943831,1.53E-07,1.5,858
1,1.56992E+12,0.891749978,1.5707E+12,0.901849985,77826,0.011326052,1.46E-07,1.5,859
0,1.5707E+12,0.901849985,1.57071E+12,0.888469994,972,0.01483616,1.53E-05,1.5,860
-1,1.57071E+12,0.888469994,1.57619E+12,0.827639997,547692,0.068466012,1.25E-07,1.5,861
0,1.57619E+12,0.827639997,1.57652E+12,0.839709997,33576,0.014583636,4.34E-07,1.5,862
1,1.57652E+12,0.839709997,1.5771E+12,0.858969986,58092,0.022936477,3.95E-07,1.5,863
0,1.5771E+12,0.858969986,1.57779E+12,0.845849991,69018,0.015274102,2.21E-07,1.5,864
-1,1.57779E+12,0.845849991,1.57781E+12,0.845070004,1866,9.22E-04,4.94E-07,1.5,865
0,1.57781E+12,0.845070004,1.57891E+12,0.857760012,110220,0.015016517,1.36E-07,1.5,866
1,1.57891E+12,0.857760012,1.57897E+12,0.859489977,6018,0.002016841,3.35E-07,1.5,867
0,1.57897E+12,0.859489977,1.57967E+12,0.846560001,70104,0.015043778,2.15E-07,1.5,868
-1,1.57967E+12,0.846560001,1.57984E+12,0.838680029,16596,0.009308227,5.61E-07,1.5,869
0,1.57984E+12,0.838680029,1.58073E+12,0.851230025,89190,0.014963986,1.68E-07,1.5,870
1,1.58073E+12,0.851230025,1.58079E+12,0.853699982,5292,0.002901633,5.48E-07,1.5,871
0,1.58079E+12,0.853699982,1.58148E+12,0.840960026,69948,0.014923224,2.13E-07,1.5,872
-1,1.58148E+12,0.840960026,1.58202E+12,0.828199983,53376,0.015173186,2.84E-07,1.5,873
0,1.58202E+12,0.828199983,1.58219E+12,0.840740025,17268,0.015141322,8.77E-07,1.5,874
1,1.58219E+12,0.840740025,1.58456E+12,0.949859977,237306,0.129790361,5.47E-07,1.5,875
0,1.58456E+12,0.949859977,1.58459E+12,0.935549974,2880,0.015065381,5.23E-06,1.5,876
-1,1.58459E+12,0.935549974,1.58462E+12,0.912029982,2238,0.025140285,1.12E-05,1.5,877
0,1.58462E+12,0.912029982,1.58463E+12,0.925059974,1068,0.014286803,1.34E-05,1.5,878
1,1.58463E+12,0.925059974,1.58464E+12,0.933650017,1224,0.00928593,7.59E-06,1.5,879
0,1.58464E+12,0.933650017,1.58467E+12,0.919570029,3006,0.015080585,5.02E-06,1.5,880
-1,1.58467E+12,0.919570029,1.5847E+12,0.899420023,2862,0.021912421,7.66E-06,1.5,881
0,1.5847E+12,0.899420023,1.58471E+12,0.912959993,1110,0.015054112,1.36E-05,1.5,882
1,1.58471E+12,0.912959993,1.58497E+12,0.938600004,25716,0.028084485,1.09E-06,1.5,883
0,1.58497E+12,0.938600004,1.58503E+12,0.924799979,6294,0.014702775,2.34E-06,1.5,884
-1,1.58503E+12,0.924799979,1.58511E+12,0.905470014,8442,0.020901779,2.48E-06,1.5,885
0,1.58511E+12,0.905470014,1.58513E+12,0.919390023,1458,0.015373241,1.05E-05,1.5,886
1,1.58513E+12,0.919390023,1.58513E+12,0.927030027,570,0.008309862,1.46E-05,1.5,887
0,1.58513E+12,0.927030027,1.58515E+12,0.913200021,1986,0.014918617,7.51E-06,1.5,888
-1,1.58515E+12,0.913200021,1.58687E+12,0.868160009,171678,0.04932108,2.87E-07,1.5,889
0,1.58687E+12,0.868160009,1.58745E+12,0.881099999,58368,0.014905074,2.55E-07,1.5,890
1,1.58745E+12,0.881099999,1.58747E+12,0.886139989,1458,0.005720111,3.92E-06,1.5,891
0,1.58747E+12,0.886139989,1.58762E+12,0.872640014,15012,0.015234585,1.01E-06,1.5,892
-1,1.58762E+12,0.872640014,1.58824E+12,0.867070019,62652,0.006382923,1.02E-07,1.5,893
0,1.58824E+12,0.867070019,1.58856E+12,0.880209982,32058,0.015154443,4.73E-07,1.5,894
1,1.58856E+12,0.880209982,1.59073E+12,0.905229986,216240,0.028425039,1.31E-07,1.5,895
0,1.59073E+12,0.905229986,1.59101E+12,0.891749978,28056,0.014891252,5.31E-07,1.5,896
-1,1.59101E+12,0.891749978,1.59106E+12,0.886600018,5550,0.005775117,1.04E-06,1.5,897
0,1.59106E+12,0.886600018,1.59126E+12,0.899940014,20112,0.01504624,7.48E-07,1.5,898
1,1.59126E+12,0.899940014,1.59127E+12,0.9005,90,6.22E-04,6.91E-06,1.5,899
0,1.59127E+12,0.9005,1.59163E+12,0.887040019,36330,0.01494723,4.11E-07,1.5,900
-1,1.59163E+12,0.887040019,1.59167E+12,0.886399984,3876,7.22E-04,1.86E-07,1.5,901
0,1.59167E+12,0.886399984,1.59187E+12,0.89982003,20142,0.015139943,7.52E-07,1.5,902
1,1.59187E+12,0.89982003,1.59343E+12,0.91742003,155706,0.019559467,1.26E-07,1.5,903
0,1.59343E+12,0.91742003,1.59358E+12,0.903760016,15396,0.014889596,9.67E-07,1.5,904
-1,1.59358E+12,0.903760016,1.59457E+12,0.893289983,99048,0.01158497,1.17E-07,1.5,905
0,1.59457E+12,0.893289983,1.5947E+12,0.90674001,12948,0.01505673,1.16E-06,1.5,906
1,1.5947E+12,0.90674001,1.59584E+12,0.914719999,113556,0.008800747,7.75E-08,1.5,907
0,1.59584E+12,0.914719999,1.59618E+12,0.90101999,34074,0.01497727,4.40E-07,1.5,908
-1,1.59618E+12,0.90101999,1.59909E+12,0.886569977,291402,0.016037395,5.50E-08,1.5,909
0,1.59909E+12,0.886569977,1.59954E+12,0.899869978,44544,0.015001638,3.37E-07,1.5,910
1,1.59954E+12,0.899869978,1.5998E+12,0.928870022,26190,0.032226927,1.23E-06,1.5,911
0,1.5998E+12,0.928870022,1.60024E+12,0.91505003,43842,0.014878285,3.39E-07,1.5,912
-1,1.60024E+12,0.91505003,1.60267E+12,0.900699973,243270,0.015682265,6.45E-08,1.5,913
0,1.60267E+12,0.900699973,1.60318E+12,0.914300025,51042,0.015099425,2.96E-07,1.5,914
1,1.60318E+12,0.914300025,1.6032E+12,0.914680004,1800,4.16E-04,2.31E-07,1.5,915
0,1.6032E+12,0.914680004,1.60395E+12,0.900659978,74898,0.015327793,2.05E-07,1.5,916
-1,1.60395E+12,0.900659978,1.60508E+12,0.886070013,113172,0.016199194,1.43E-07,1.5,917
0,1.60508E+12,0.886070013,1.60518E+12,0.899209976,10086,0.014829486,1.47E-06,1.5,918
1,1.60518E+12,0.899209976,1.60519E+12,0.900359988,1338,0.001278914,9.56E-07,1.5,919
0,1.60519E+12,0.900359988,1.60613E+12,0.886900008,93486,0.014949554,1.60E-07,1.5,920
-1,1.60613E+12,0.886900008,1.60613E+12,0.886609972,42,3.27E-04,7.79E-06,1.5,921
0,1.60613E+12,0.886609972,1.60682E+12,0.900089979,69264,0.015203988,2.20E-07,1.5,922
1,1.60682E+12,0.900089979,1.60734E+12,0.913850009,51624,0.015287394,2.96E-07,1.5,923
0,1.60734E+12,0.913850009,1.6075E+12,0.900150001,16092,0.014991528,9.32E-07,1.5,924
-1,1.6075E+12,0.900150001,1.6075E+12,0.898299992,528,0.002055223,3.89E-06,1.5,925
0,1.6075E+12,0.898299992,1.60758E+12,0.911710024,8130,0.014928233,1.84E-06,1.5,926
1,1.60758E+12,0.911710024,1.60767E+12,0.922919989,9090,0.012295537,1.35E-06,1.5,927
0,1.60767E+12,0.922919989,1.60788E+12,0.908410013,20436,0.015721813,7.69E-07,1.5,928
-1,1.60788E+12,0.908410013,1.60819E+12,0.898180008,30960,0.01126144,3.64E-07,1.5,929
0,1.60819E+12,0.898180008,1.6085E+12,0.911759973,30696,0.015119424,4.93E-07,1.5,930
1,1.6085E+12,0.911759973,1.60853E+12,0.92148,3150,0.010660731,3.38E-06,1.5,931
0,1.60853E+12,0.92148,1.60856E+12,0.907220006,3420,0.015475099,4.52E-06,1.5,932
-1,1.60856E+12,0.907220006,1.60879E+12,0.895290017,22644,0.01315005,5.81E-07,1.5,933
0,1.60879E+12,0.895290017,1.60915E+12,0.908550024,36552,0.014810851,4.05E-07,1.5,934
1,1.60915E+12,0.908550024,1.60922E+12,0.909229994,6456,7.48E-04,1.16E-07,1.5,935
0,1.60922E+12,0.909229994,1.60941E+12,0.895210028,19464,0.015419604,7.92E-07,1.5,936
